-- phpMyAdmin SQL Dump
-- version 4.8.4
-- https://www.phpmyadmin.net/
--
-- Host: 127.0.0.1
-- Generation Time: Feb 03, 2019 at 02:54 PM
-- Server version: 10.1.37-MariaDB
-- PHP Version: 7.2.13

SET SQL_MODE = "NO_AUTO_VALUE_ON_ZERO";
SET AUTOCOMMIT = 0;
START TRANSACTION;
SET time_zone = "+00:00";


/*!40101 SET @OLD_CHARACTER_SET_CLIENT=@@CHARACTER_SET_CLIENT */;
/*!40101 SET @OLD_CHARACTER_SET_RESULTS=@@CHARACTER_SET_RESULTS */;
/*!40101 SET @OLD_COLLATION_CONNECTION=@@COLLATION_CONNECTION */;
/*!40101 SET NAMES utf8mb4 */;

--
-- Database: `ecommerce-api`
--

-- --------------------------------------------------------

--
-- Table structure for table `migrations`
--

CREATE TABLE `migrations` (
  `id` int(10) UNSIGNED NOT NULL,
  `migration` varchar(191) COLLATE utf8mb4_unicode_ci NOT NULL,
  `batch` int(11) NOT NULL
) ENGINE=InnoDB DEFAULT CHARSET=utf8mb4 COLLATE=utf8mb4_unicode_ci;

--
-- Dumping data for table `migrations`
--

INSERT INTO `migrations` (`id`, `migration`, `batch`) VALUES
(1, '2014_10_12_000000_create_users_table', 1),
(2, '2014_10_12_100000_create_password_resets_table', 1),
(3, '2019_02_03_131610_create_products_table', 1),
(4, '2019_02_03_131624_create_reviews_table', 1);

-- --------------------------------------------------------

--
-- Table structure for table `password_resets`
--

CREATE TABLE `password_resets` (
  `email` varchar(191) COLLATE utf8mb4_unicode_ci NOT NULL,
  `token` varchar(191) COLLATE utf8mb4_unicode_ci NOT NULL,
  `created_at` timestamp NULL DEFAULT NULL
) ENGINE=InnoDB DEFAULT CHARSET=utf8mb4 COLLATE=utf8mb4_unicode_ci;

-- --------------------------------------------------------

--
-- Table structure for table `products`
--

CREATE TABLE `products` (
  `id` int(10) UNSIGNED NOT NULL,
  `name` varchar(191) COLLATE utf8mb4_unicode_ci NOT NULL,
  `detail` text COLLATE utf8mb4_unicode_ci NOT NULL,
  `price` int(11) NOT NULL,
  `stock` int(11) NOT NULL,
  `discount` int(11) NOT NULL,
  `created_at` timestamp NULL DEFAULT NULL,
  `updated_at` timestamp NULL DEFAULT NULL
) ENGINE=InnoDB DEFAULT CHARSET=utf8mb4 COLLATE=utf8mb4_unicode_ci;

--
-- Dumping data for table `products`
--

INSERT INTO `products` (`id`, `name`, `detail`, `price`, `stock`, `discount`, `created_at`, `updated_at`) VALUES
(1, 'tempore', 'Aut molestias sunt iure aliquid quia quia. Alias voluptatem accusantium modi ducimus deleniti excepturi omnis. Veritatis cumque necessitatibus provident assumenda dignissimos exercitationem ut cupiditate.', 864, 9, 11, '2019-02-03 06:52:24', '2019-02-03 06:52:24'),
(2, 'est', 'Omnis est natus omnis temporibus et error est. Qui sit sunt est doloremque. Autem esse sed aspernatur voluptatem repellat adipisci provident.', 571, 2, 9, '2019-02-03 06:52:24', '2019-02-03 06:52:24'),
(3, 'et', 'Veniam labore officia tempore. Consequatur totam voluptas dolorem. Et occaecati dolorum ea non adipisci aliquid. Nihil ea alias excepturi consequuntur quo aut sed. Tempora excepturi totam eaque voluptas qui necessitatibus hic.', 745, 3, 9, '2019-02-03 06:52:24', '2019-02-03 06:52:24'),
(4, 'est', 'Sit incidunt quasi quis et distinctio. Consequatur sit maiores architecto neque incidunt. Sit perspiciatis quia est ut qui.', 1000, 9, 15, '2019-02-03 06:52:24', '2019-02-03 06:52:24'),
(5, 'occaecati', 'Aut et aut aut qui natus aut voluptas. Modi atque ad quis alias eius. Laborum qui voluptas fugiat et.', 778, 8, 5, '2019-02-03 06:52:24', '2019-02-03 06:52:24'),
(6, 'ab', 'Repudiandae repellat quae optio harum esse. Ad dolorem aut ducimus facere. Deserunt quam nostrum natus unde aut et architecto amet.', 785, 4, 13, '2019-02-03 06:52:24', '2019-02-03 06:52:24'),
(7, 'optio', 'Placeat veniam temporibus rerum harum ipsam adipisci. Neque facilis voluptatum occaecati porro blanditiis nobis fugit. Excepturi voluptas aperiam unde.', 901, 6, 12, '2019-02-03 06:52:24', '2019-02-03 06:52:24'),
(8, 'ut', 'Libero tempora omnis nostrum ad molestiae magni. Quia totam maiores veniam molestiae asperiores. Consequatur similique ad qui. Sint quia dolores quas consectetur dolorum. Tenetur voluptatem repellendus aut quam porro.', 765, 8, 6, '2019-02-03 06:52:24', '2019-02-03 06:52:24'),
(9, 'asperiores', 'Itaque impedit dolor ratione doloribus. Rerum molestiae dolor ut reiciendis aut. Voluptate neque autem inventore. Iste aut nesciunt quo debitis quia esse.', 776, 0, 5, '2019-02-03 06:52:24', '2019-02-03 06:52:24'),
(10, 'consequatur', 'Eligendi molestiae deserunt enim neque perferendis harum exercitationem. Quae ut dolores numquam delectus maiores. Cum voluptatem omnis quibusdam aperiam. Dignissimos enim praesentium cumque ratione ullam.', 701, 3, 12, '2019-02-03 06:52:24', '2019-02-03 06:52:24'),
(11, 'qui', 'Officia mollitia blanditiis omnis ea quod. Magni consequatur provident est quibusdam quia ipsam impedit eaque. Modi reiciendis ea ab autem aut voluptate. Alias ut dolorem corporis dolor vitae et saepe accusamus.', 519, 3, 12, '2019-02-03 06:52:24', '2019-02-03 06:52:24'),
(12, 'doloremque', 'Ipsa quasi qui dolores dicta. Quam rerum qui est hic. Sint sit voluptatibus dolorem commodi qui et. Enim similique culpa eveniet magni.', 890, 6, 11, '2019-02-03 06:52:24', '2019-02-03 06:52:24'),
(13, 'ab', 'Aliquid sint consequatur et suscipit voluptatem. Recusandae laudantium sit possimus. Sed quasi voluptas et non autem. Vero asperiores omnis est dolor. Voluptatibus similique maiores ullam consequatur hic nam.', 819, 9, 13, '2019-02-03 06:52:24', '2019-02-03 06:52:24'),
(14, 'atque', 'Doloremque iusto illo consectetur at illo dignissimos esse. Asperiores odio quae aut velit.', 793, 8, 7, '2019-02-03 06:52:24', '2019-02-03 06:52:24'),
(15, 'velit', 'Doloribus dolorum nemo dicta aut totam ullam optio. Repudiandae id tenetur perspiciatis quidem. Expedita rerum quia aut similique maxime. Vel similique fugiat sed suscipit voluptas qui ut. Id minus ut ad architecto.', 972, 7, 10, '2019-02-03 06:52:24', '2019-02-03 06:52:24'),
(16, 'ut', 'Eos rerum nihil aut aut non eaque. Eum eos odit voluptatibus in necessitatibus ea. Autem magni quia assumenda et. Aperiam iure et odio non totam dolorum.', 897, 3, 5, '2019-02-03 06:52:24', '2019-02-03 06:52:24'),
(17, 'velit', 'Nobis est qui ratione et aut. Maiores et soluta omnis iste eos fugit. Voluptatum et ab quos sunt maiores. Dolorem ducimus facere autem est rerum sit. Autem amet assumenda et laudantium.', 941, 1, 5, '2019-02-03 06:52:24', '2019-02-03 06:52:24'),
(18, 'perferendis', 'Adipisci perspiciatis iure expedita esse commodi. Quasi autem tempora exercitationem eos numquam cupiditate expedita. Rerum est alias illum est est. Eveniet non id necessitatibus distinctio dolore qui architecto.', 532, 1, 7, '2019-02-03 06:52:24', '2019-02-03 06:52:24'),
(19, 'expedita', 'Voluptatem enim ipsam necessitatibus. Voluptatem illo asperiores est saepe laborum est sit. Voluptatum aliquid sequi rerum error voluptatibus.', 915, 6, 14, '2019-02-03 06:52:24', '2019-02-03 06:52:24'),
(20, 'repellendus', 'Veniam officiis voluptas ut ullam sint explicabo. Inventore ad quidem ut consequatur dolore nostrum quis. Accusamus numquam amet tempora aut asperiores. Voluptatem expedita aut ut.', 840, 7, 12, '2019-02-03 06:52:24', '2019-02-03 06:52:24'),
(21, 'qui', 'Ut ratione eos doloremque voluptatum quia numquam tenetur enim. Rerum ut vel explicabo omnis. Ab laudantium aut harum.', 528, 7, 6, '2019-02-03 06:52:24', '2019-02-03 06:52:24'),
(22, 'voluptas', 'Ut non nulla est magni eaque aut placeat. Explicabo ea porro voluptate et aut veritatis velit.', 974, 0, 6, '2019-02-03 06:52:24', '2019-02-03 06:52:24'),
(23, 'expedita', 'Voluptas asperiores aut sunt modi voluptatibus numquam. Praesentium officiis est delectus ratione repellat expedita quasi. Odit nemo qui dolores dolor quidem. Id placeat id ex non porro et. Cumque culpa pariatur aspernatur voluptatem quidem maiores id consectetur.', 943, 5, 6, '2019-02-03 06:52:24', '2019-02-03 06:52:24'),
(24, 'et', 'Quia quae non aut corrupti. Omnis architecto asperiores cupiditate perferendis maiores amet.', 996, 5, 5, '2019-02-03 06:52:24', '2019-02-03 06:52:24'),
(25, 'provident', 'Animi velit aliquam et sunt consequatur ad rerum. Reiciendis soluta quis quia delectus. Voluptates omnis eos at repellat aspernatur eos soluta.', 509, 5, 7, '2019-02-03 06:52:24', '2019-02-03 06:52:24'),
(26, 'earum', 'Aut aut et dolores corrupti et. Explicabo consequuntur nemo voluptas vero molestias qui. Velit doloribus impedit aperiam ut perferendis odio doloribus.', 923, 0, 12, '2019-02-03 06:52:24', '2019-02-03 06:52:24'),
(27, 'veritatis', 'Repellat voluptas harum itaque accusantium nemo. Quo veniam error quae ea voluptas dignissimos est. Recusandae impedit maiores eum nihil ab illum dolor. Nulla dolores autem distinctio quod omnis impedit vel.', 527, 0, 14, '2019-02-03 06:52:24', '2019-02-03 06:52:24'),
(28, 'omnis', 'Qui excepturi porro eos nostrum inventore nulla. Eum ipsam quo voluptatum quisquam similique qui saepe. Sequi aut nemo nostrum officiis voluptatem. Ex rerum dolores voluptates mollitia ducimus at.', 535, 5, 11, '2019-02-03 06:52:24', '2019-02-03 06:52:24'),
(29, 'in', 'Eius dolores temporibus qui at eius totam ipsa. Ad earum qui aliquid voluptatum magni sint. Enim autem architecto quis sint qui possimus et.', 919, 5, 7, '2019-02-03 06:52:24', '2019-02-03 06:52:24'),
(30, 'asperiores', 'Officia eos et ipsam minima. Tenetur nostrum quis voluptatum in adipisci quasi. Amet autem voluptas incidunt dolorem optio omnis numquam qui. Et aut corrupti eligendi.', 984, 3, 11, '2019-02-03 06:52:24', '2019-02-03 06:52:24'),
(31, 'eveniet', 'Harum alias voluptate velit dolore. Minus impedit eos et voluptate qui. Ullam debitis et reiciendis qui.', 668, 7, 13, '2019-02-03 06:52:24', '2019-02-03 06:52:24'),
(32, 'delectus', 'Quidem quaerat amet illum nulla. Debitis laudantium ut reprehenderit qui molestiae. Ab qui dolor ipsa sed tenetur ipsa sit.', 763, 8, 9, '2019-02-03 06:52:24', '2019-02-03 06:52:24'),
(33, 'veritatis', 'Accusamus ea eos nulla ut totam quis. Deleniti sunt dolores nobis reiciendis vel accusantium. Cumque est voluptatem ipsa odio sed illum voluptatibus. Tempora rem earum et perspiciatis.', 644, 1, 5, '2019-02-03 06:52:24', '2019-02-03 06:52:24'),
(34, 'id', 'Qui sint non rem. Quaerat soluta dolorem illo sint dolorem. Perferendis rerum repellat iste doloribus consectetur omnis expedita. Dicta porro sapiente ut inventore.', 722, 4, 10, '2019-02-03 06:52:24', '2019-02-03 06:52:24'),
(35, 'assumenda', 'Aut qui accusantium sed doloribus. Sapiente earum eius velit asperiores ut. Nihil facilis et quas aut eum perspiciatis. Blanditiis molestiae officiis aut sint quidem ut. Totam perspiciatis tempore at exercitationem.', 879, 8, 5, '2019-02-03 06:52:24', '2019-02-03 06:52:24'),
(36, 'vel', 'Perspiciatis esse occaecati voluptas ab. Aut rerum eaque adipisci rerum. Velit ea animi vel recusandae voluptatem quibusdam quisquam rerum.', 773, 8, 15, '2019-02-03 06:52:24', '2019-02-03 06:52:24'),
(37, 'neque', 'Natus reprehenderit earum rerum numquam. Repellat dolorum consequatur aut laborum cum.', 635, 5, 7, '2019-02-03 06:52:24', '2019-02-03 06:52:24'),
(38, 'qui', 'Sed voluptatibus molestias commodi omnis perferendis velit eveniet. Quasi numquam beatae eaque ab quo libero praesentium. Ipsa et est amet similique laborum magni blanditiis.', 607, 1, 10, '2019-02-03 06:52:24', '2019-02-03 06:52:24'),
(39, 'rerum', 'Non fugiat eveniet adipisci recusandae. Perferendis magnam placeat itaque laudantium. Exercitationem facere quam aliquam ut.', 926, 1, 15, '2019-02-03 06:52:24', '2019-02-03 06:52:24'),
(40, 'ut', 'Omnis qui quam sunt libero nemo voluptatibus ex nemo. Rerum similique deserunt culpa necessitatibus voluptatem. Quis impedit et corrupti maiores et molestias.', 601, 3, 9, '2019-02-03 06:52:24', '2019-02-03 06:52:24'),
(41, 'facilis', 'Ut beatae quis perferendis dignissimos. Quis dolorem sunt itaque quo. Eaque sit sequi vero. Molestiae aliquid iusto optio voluptate voluptas dolorum consequatur sapiente.', 711, 1, 14, '2019-02-03 06:52:24', '2019-02-03 06:52:24'),
(42, 'non', 'Consequatur voluptatem dolore cumque nemo et nihil iusto voluptatem. Blanditiis ea id repellendus molestias. Enim adipisci labore non maxime optio earum. Asperiores et non sequi laboriosam.', 750, 4, 5, '2019-02-03 06:52:24', '2019-02-03 06:52:24'),
(43, 'eius', 'Voluptatem blanditiis enim ea eveniet sit. Possimus sed eveniet velit sit occaecati cupiditate. Accusantium eaque corrupti in impedit error. Officia non est qui et vero.', 517, 4, 14, '2019-02-03 06:52:24', '2019-02-03 06:52:24'),
(44, 'ullam', 'Aut dolorem modi recusandae et quia. Ipsam laboriosam laudantium accusamus reiciendis rerum quo. Libero amet quaerat praesentium maiores nemo. Sit laborum autem alias sunt quia.', 622, 6, 11, '2019-02-03 06:52:24', '2019-02-03 06:52:24'),
(45, 'vero', 'Quam ullam numquam et ratione velit. Eos tempora est quo rerum minus et laborum.', 918, 2, 13, '2019-02-03 06:52:24', '2019-02-03 06:52:24'),
(46, 'error', 'Consectetur amet ratione dolores est ab. Voluptatibus et praesentium sit voluptatem eum repellendus qui doloremque. Ut assumenda quasi officiis aut aut necessitatibus.', 842, 6, 11, '2019-02-03 06:52:24', '2019-02-03 06:52:24'),
(47, 'amet', 'Qui molestiae totam eveniet officia suscipit eos nostrum. A et ut expedita dolorum quasi aliquid itaque. Doloribus nesciunt eius quibusdam officiis doloremque omnis dicta.', 683, 5, 13, '2019-02-03 06:52:24', '2019-02-03 06:52:24'),
(48, 'qui', 'Eos cupiditate accusantium alias aut voluptatem quam qui. Qui ipsam qui soluta debitis aut sed. Et quod rerum minus dolorem omnis. Quo reprehenderit et minima ratione nesciunt.', 722, 5, 14, '2019-02-03 06:52:24', '2019-02-03 06:52:24'),
(49, 'et', 'Quo ut ipsa aut architecto et asperiores dolorem. Sunt impedit nemo porro consequuntur nihil vero veniam. Fugiat quam voluptas dicta qui distinctio qui.', 596, 0, 7, '2019-02-03 06:52:24', '2019-02-03 06:52:24'),
(50, 'earum', 'Dolore repudiandae quae sint aliquam magnam. Perferendis praesentium labore ut molestias officiis voluptas. Fuga placeat sequi esse quae. Quaerat minima et fuga non dolorem blanditiis voluptates.', 755, 9, 5, '2019-02-03 06:52:24', '2019-02-03 06:52:24');

-- --------------------------------------------------------

--
-- Table structure for table `reviews`
--

CREATE TABLE `reviews` (
  `id` int(10) UNSIGNED NOT NULL,
  `product_id` int(10) UNSIGNED NOT NULL,
  `customer` varchar(191) COLLATE utf8mb4_unicode_ci NOT NULL,
  `review` text COLLATE utf8mb4_unicode_ci NOT NULL,
  `star` int(11) NOT NULL,
  `created_at` timestamp NULL DEFAULT NULL,
  `updated_at` timestamp NULL DEFAULT NULL
) ENGINE=InnoDB DEFAULT CHARSET=utf8mb4 COLLATE=utf8mb4_unicode_ci;

--
-- Dumping data for table `reviews`
--

INSERT INTO `reviews` (`id`, `product_id`, `customer`, `review`, `star`, `created_at`, `updated_at`) VALUES
(1, 38, 'Guy Howell', 'Corporis rerum reprehenderit molestias voluptatum rerum et omnis. Eligendi aut culpa minus aperiam quo non illum officia. Dolorem sed ipsa dicta tenetur.', 2, '2019-02-03 06:52:24', '2019-02-03 06:52:24'),
(2, 1, 'Noemi Dibbert', 'Sed nihil rerum aut aut. Et itaque dolor aut explicabo exercitationem soluta. Eum quaerat cum quam nobis ea sed architecto libero.', 3, '2019-02-03 06:52:24', '2019-02-03 06:52:24'),
(3, 48, 'Mr. Vladimir King III', 'Iusto iste aut et ullam voluptatem optio error. Labore sed placeat sequi error dolorem ut rerum impedit. Eligendi rerum omnis quia itaque est at.', 0, '2019-02-03 06:52:24', '2019-02-03 06:52:24'),
(4, 22, 'Haley Cassin', 'Quo dolorem est quas quis consequuntur reiciendis velit. Temporibus fugiat libero fugiat. Minus repellat perferendis occaecati.', 3, '2019-02-03 06:52:24', '2019-02-03 06:52:24'),
(5, 31, 'Prof. Rusty Hansen IV', 'Harum minus neque consequatur. Expedita corporis similique iure ipsa corrupti. Voluptate libero praesentium facere ab aut cum fuga.', 0, '2019-02-03 06:52:24', '2019-02-03 06:52:24'),
(6, 36, 'Alanna Bosco', 'At atque natus doloremque laborum. Recusandae eveniet voluptatum inventore quia reiciendis ea. In repellat id soluta et. Quas asperiores quidem omnis excepturi corrupti illum.', 3, '2019-02-03 06:52:24', '2019-02-03 06:52:24'),
(7, 35, 'Tiffany Bartell', 'Et ipsa consequatur ratione voluptatem qui facilis. Eum accusamus eius illum dolorem. Ut autem ut in inventore ipsum veritatis aut.', 5, '2019-02-03 06:52:24', '2019-02-03 06:52:24'),
(8, 31, 'Drew Nikolaus DVM', 'Molestiae qui quia et ut magnam ipsa. Sint voluptatem eaque sed doloribus culpa maxime autem. Cum perspiciatis voluptas expedita et.', 3, '2019-02-03 06:52:24', '2019-02-03 06:52:24'),
(9, 12, 'Ms. Alysa Schamberger', 'Et porro et alias sed est temporibus. Magni totam eos tenetur facere possimus enim. Perferendis molestiae consequuntur eos nihil quia quo adipisci. Tempore amet iure reprehenderit.', 2, '2019-02-03 06:52:24', '2019-02-03 06:52:24'),
(10, 4, 'Mr. Brown Bradtke', 'Id reprehenderit quia dolore aut temporibus. Exercitationem voluptatem maiores nemo praesentium. Voluptate reprehenderit a architecto alias voluptatem voluptatum et. Omnis placeat omnis dolores dolorem error. Ex veritatis alias dolor voluptatibus quae autem.', 5, '2019-02-03 06:52:24', '2019-02-03 06:52:24'),
(11, 1, 'Tristian Rodriguez', 'Nihil eligendi qui cumque amet quidem. Ut laboriosam id vitae voluptatem. Neque fuga officia quas ad qui qui et.', 3, '2019-02-03 06:52:24', '2019-02-03 06:52:24'),
(12, 2, 'Joanny Halvorson', 'Ipsa aut est distinctio aut sint dicta velit expedita. Odit nisi vero hic quisquam dolor. Aliquam iste nesciunt animi iste fugit eius. Animi aperiam maiores veniam est.', 4, '2019-02-03 06:52:24', '2019-02-03 06:52:24'),
(13, 12, 'Prof. Jan Carter', 'Quod quasi cum facilis enim asperiores. Ut id sit voluptas alias soluta praesentium. Eius commodi occaecati esse autem. Recusandae deleniti quia molestiae fugiat sit recusandae autem. Impedit aut ea ex quam aut veniam consequatur.', 2, '2019-02-03 06:52:24', '2019-02-03 06:52:24'),
(14, 37, 'Annabelle Wolf', 'Voluptatem pariatur aut accusantium. Porro atque qui quos autem. Rerum aut tenetur rerum delectus.', 1, '2019-02-03 06:52:24', '2019-02-03 06:52:24'),
(15, 5, 'Miss Velda Gusikowski', 'Est delectus laboriosam laborum voluptas esse. Vel doloremque hic cumque et. Quia rerum perspiciatis cum occaecati in. Fugit voluptas sint deleniti cupiditate quam aut sit.', 2, '2019-02-03 06:52:24', '2019-02-03 06:52:24'),
(16, 1, 'Gerda Lowe', 'Dolores quia et magni. Sit molestiae nulla voluptas sit qui illo. Qui qui facere qui quas.', 2, '2019-02-03 06:52:24', '2019-02-03 06:52:24'),
(17, 11, 'Samanta Kilback', 'Cumque voluptatum dolor similique ea. Eligendi tempora sit blanditiis dolorem. Molestiae in cum et non provident explicabo. Velit est omnis vitae dolore velit expedita.', 4, '2019-02-03 06:52:24', '2019-02-03 06:52:24'),
(18, 42, 'Chadd Feest', 'Et autem ipsa aut occaecati et sunt. Dolor voluptate voluptatibus blanditiis mollitia fugiat.', 5, '2019-02-03 06:52:24', '2019-02-03 06:52:24'),
(19, 31, 'Alvina Wisozk', 'Veritatis odit molestias delectus quia ut rerum dolor. Incidunt praesentium ut repudiandae molestias. Voluptatum aperiam dolores veniam. Sit voluptas quaerat blanditiis ex.', 3, '2019-02-03 06:52:24', '2019-02-03 06:52:24'),
(20, 26, 'Derick Hammes', 'Qui totam qui amet sunt voluptates est. Voluptatum est et suscipit. Dolore accusamus maxime ipsam consequatur quisquam repellendus reiciendis. Ut vel qui occaecati molestiae.', 0, '2019-02-03 06:52:24', '2019-02-03 06:52:24'),
(21, 47, 'Evan Cruickshank', 'Et ex quia eius consequuntur et corrupti aperiam. Nostrum expedita velit maxime dolores. Aliquam voluptatem deserunt et modi praesentium. Sunt nobis quaerat officia non est qui dolorum.', 3, '2019-02-03 06:52:24', '2019-02-03 06:52:24'),
(22, 3, 'Dr. Jayson Willms PhD', 'Quibusdam dicta ea ratione qui autem excepturi. Iusto alias omnis dolorem consectetur eaque dolore ad ipsum. Magnam ratione temporibus et qui perspiciatis.', 0, '2019-02-03 06:52:24', '2019-02-03 06:52:24'),
(23, 43, 'Prof. Doug Waters', 'Magni veniam voluptas cum debitis quia sunt molestiae ad. Ut repudiandae illo aperiam nobis voluptas ad. Quis necessitatibus aliquid molestias corporis omnis nemo sequi qui. Dignissimos est esse necessitatibus accusamus voluptatem error vel ut.', 4, '2019-02-03 06:52:24', '2019-02-03 06:52:24'),
(24, 4, 'Kaela Hand', 'Ipsum iure quia ab et id sint neque assumenda. Velit molestiae officiis nesciunt mollitia ut. Accusamus adipisci ex recusandae quidem.', 1, '2019-02-03 06:52:24', '2019-02-03 06:52:24'),
(25, 49, 'Prof. Lessie Towne II', 'Et labore beatae expedita autem. Numquam asperiores odit rerum rerum quia optio aut enim. Quo ullam nulla ut aut explicabo.', 3, '2019-02-03 06:52:24', '2019-02-03 06:52:24'),
(26, 32, 'William Ferry', 'Voluptates voluptatem qui est amet. Quos aut omnis quae perspiciatis facere. Cumque magni nihil porro eum aperiam odit occaecati. Quis veritatis ut vitae delectus labore quia sed.', 3, '2019-02-03 06:52:24', '2019-02-03 06:52:24'),
(27, 4, 'Aida Strosin', 'Quaerat qui libero corrupti aut accusamus voluptates non pariatur. Dolore ut perferendis quis maiores beatae. Natus voluptatem beatae in omnis nisi. Ut rerum veritatis maiores ut.', 0, '2019-02-03 06:52:24', '2019-02-03 06:52:24'),
(28, 1, 'Florence Shields', 'Sed est qui omnis qui ut ratione. Voluptatem quibusdam id assumenda enim et velit. Et natus id modi earum voluptatum nostrum.', 1, '2019-02-03 06:52:24', '2019-02-03 06:52:24'),
(29, 40, 'Nathanial Witting', 'Tempora voluptatem repudiandae quis in similique provident molestiae. Est dolores nemo reprehenderit et. Expedita eum nulla veniam assumenda. Sint aliquam voluptas tenetur explicabo sed.', 0, '2019-02-03 06:52:24', '2019-02-03 06:52:24'),
(30, 20, 'Morris Leffler', 'Provident nostrum sit esse voluptatibus adipisci unde. At fugiat aperiam a mollitia tenetur. Tenetur vitae veritatis enim fuga est sapiente recusandae repudiandae. Quia id laboriosam minus natus non et culpa.', 3, '2019-02-03 06:52:24', '2019-02-03 06:52:24'),
(31, 44, 'Valentine Kreiger', 'Perferendis ullam quia aperiam molestiae illum. Cupiditate natus voluptatum consequatur nostrum. Et molestiae nobis laborum corporis. Repellat saepe qui sed distinctio.', 5, '2019-02-03 06:52:24', '2019-02-03 06:52:24'),
(32, 16, 'Deangelo Ryan', 'Quos in delectus qui quas dolorem delectus nostrum. Numquam mollitia molestiae nihil veniam. Dolorem veritatis est nemo fugiat. Qui nihil est et sit.', 5, '2019-02-03 06:52:24', '2019-02-03 06:52:24'),
(33, 15, 'Lavina Hackett', 'Minus placeat quia maiores vitae rem. Corporis ipsum similique vitae cumque.', 4, '2019-02-03 06:52:24', '2019-02-03 06:52:24'),
(34, 16, 'Theron Littel', 'Debitis ut temporibus sed voluptates. Ut et sit animi.', 4, '2019-02-03 06:52:24', '2019-02-03 06:52:24'),
(35, 9, 'Miss Asia Brakus', 'Ut autem ducimus natus et. Sunt et sit sit qui asperiores neque itaque dolorem. Et et hic vel blanditiis est nostrum earum.', 5, '2019-02-03 06:52:24', '2019-02-03 06:52:24'),
(36, 16, 'Mr. Rickey Willms', 'Sed autem consequatur sunt autem nemo minus qui. Doloribus assumenda aut consequuntur explicabo. Possimus magni quam omnis ut voluptas odit.', 3, '2019-02-03 06:52:24', '2019-02-03 06:52:24'),
(37, 19, 'Elizabeth Ledner', 'Dolor ipsa qui qui quidem quod. Sit commodi laudantium blanditiis. Ut sed rerum doloremque vel. Velit doloremque recusandae sed harum quo.', 5, '2019-02-03 06:52:24', '2019-02-03 06:52:24'),
(38, 22, 'Jamie Thiel', 'Ut sed molestiae qui. Libero totam ipsum sint cupiditate. Est corporis neque qui autem ad.', 1, '2019-02-03 06:52:24', '2019-02-03 06:52:24'),
(39, 10, 'Ford Spencer', 'Similique provident consequatur magni iure aliquam quia mollitia fugiat. Ipsam in quibusdam illo aut modi. Est sed debitis ullam odit. Ratione ea voluptatem ad incidunt. Rerum quo ratione omnis ea vel.', 5, '2019-02-03 06:52:24', '2019-02-03 06:52:24'),
(40, 43, 'Teresa Franecki', 'Distinctio quasi saepe numquam. Inventore sed magni deleniti dolores voluptatem quia et tempora.', 4, '2019-02-03 06:52:24', '2019-02-03 06:52:24'),
(41, 43, 'Bessie Harvey', 'Ut maxime voluptatem debitis praesentium tempore. Laudantium aut odio iste voluptatum. Hic voluptates dolore asperiores vel et.', 3, '2019-02-03 06:52:24', '2019-02-03 06:52:24'),
(42, 30, 'Dr. Alysson Schiller', 'Recusandae asperiores tempora et magni repellendus ea. Odio illum enim mollitia magni tempore eum. Explicabo adipisci asperiores reiciendis recusandae quia expedita est. Vel iste eum qui assumenda natus. Qui atque ea assumenda hic ea totam.', 0, '2019-02-03 06:52:24', '2019-02-03 06:52:24'),
(43, 23, 'Trenton White', 'Explicabo dolorum nam quia architecto sint veritatis ut a. Necessitatibus eveniet iste harum amet. Consequatur voluptatem consequatur quia distinctio qui. Cumque laudantium veniam non deleniti accusamus.', 1, '2019-02-03 06:52:24', '2019-02-03 06:52:24'),
(44, 31, 'Vernie Jast', 'Dolorem voluptates quo rerum expedita. Vitae provident quisquam qui qui ullam et impedit qui. Doloremque sunt et eum numquam culpa nemo hic. Voluptates sed ipsum ab repellat sint.', 4, '2019-02-03 06:52:24', '2019-02-03 06:52:24'),
(45, 42, 'Elvie Leuschke Sr.', 'Debitis enim est et. Aliquam possimus quis cumque quod reprehenderit. Fugit velit perferendis tenetur et reiciendis. Minus nesciunt expedita dolor perspiciatis tenetur deserunt reprehenderit aliquid.', 5, '2019-02-03 06:52:24', '2019-02-03 06:52:24'),
(46, 43, 'Haley Wisoky', 'Facere explicabo rerum sit ut corrupti omnis quia. Consequatur et ut odio aut non quis libero. Aperiam distinctio explicabo asperiores numquam quia illo velit.', 5, '2019-02-03 06:52:24', '2019-02-03 06:52:24'),
(47, 35, 'Lucienne Reichert', 'Aut itaque sapiente nihil enim atque ut voluptatem. Velit est dolorem enim quo occaecati qui at aspernatur. Quia cum non consequatur velit atque optio iure.', 5, '2019-02-03 06:52:24', '2019-02-03 06:52:24'),
(48, 24, 'Adrain Breitenberg', 'Cumque voluptatem voluptatem totam vero iusto et et odit. Praesentium est temporibus qui nisi alias consequatur.', 1, '2019-02-03 06:52:24', '2019-02-03 06:52:24'),
(49, 47, 'Prof. Isabella Hand DDS', 'Accusamus eveniet eos enim ad tempora dolorem ratione. Commodi sed dolorem aut eos mollitia soluta ut. Suscipit ab dolor delectus ex quae. Debitis maxime sit sed blanditiis sapiente ut velit.', 2, '2019-02-03 06:52:24', '2019-02-03 06:52:24'),
(50, 47, 'Tanner Streich I', 'Dolor esse possimus corrupti accusantium. At optio nostrum eos quisquam non quae nostrum. Et laudantium ut placeat necessitatibus atque tempore quos accusantium.', 2, '2019-02-03 06:52:24', '2019-02-03 06:52:24'),
(51, 22, 'Prof. Bart Bode', 'Facilis aliquid et omnis voluptatem fuga. Placeat natus assumenda quisquam voluptatem et magni nisi. Dolorem sunt ipsa laudantium et. Et incidunt a distinctio amet aspernatur omnis tenetur.', 0, '2019-02-03 06:52:24', '2019-02-03 06:52:24'),
(52, 20, 'Dr. Judd Hand Jr.', 'Sint neque consequuntur et voluptatem velit. Repudiandae quia eum quod rerum optio qui quis. Aliquid quisquam ut animi aliquid nobis illo aut quo.', 2, '2019-02-03 06:52:24', '2019-02-03 06:52:24'),
(53, 8, 'Miss Adell Leffler MD', 'Aut quis alias in voluptatibus ducimus. Ea nesciunt occaecati aut. Inventore fugit ea minima cum exercitationem et.', 0, '2019-02-03 06:52:24', '2019-02-03 06:52:24'),
(54, 29, 'Mr. Andy Lind II', 'Animi repellat quibusdam id sunt. Et rem consectetur et qui. Magni omnis sit sapiente aperiam. Rerum sit qui porro fuga inventore numquam et.', 2, '2019-02-03 06:52:24', '2019-02-03 06:52:24'),
(55, 49, 'Ms. Greta Adams', 'Voluptatem praesentium laboriosam quod cum. Quia beatae commodi dolores fugiat culpa.', 0, '2019-02-03 06:52:24', '2019-02-03 06:52:24'),
(56, 34, 'Hazle Hegmann', 'Perspiciatis doloremque laborum consequuntur rem sit ipsa. Voluptas quia culpa fugit quia qui. Laborum nulla libero sunt recusandae laborum rerum exercitationem. At ratione perferendis nisi rerum unde non animi molestiae.', 1, '2019-02-03 06:52:24', '2019-02-03 06:52:24'),
(57, 5, 'Mr. Erwin Weimann', 'Et ea dolor commodi qui. Quia doloremque voluptatibus optio accusamus nesciunt architecto laborum. Ratione hic illum quis. Repellendus sit cum deserunt sunt pariatur.', 2, '2019-02-03 06:52:24', '2019-02-03 06:52:24'),
(58, 24, 'Hester Shields', 'Fuga totam sed quia. Voluptas illum nobis voluptatem. Quam a commodi dolore corporis ut dolor. Aut praesentium nisi aut beatae esse rerum.', 4, '2019-02-03 06:52:24', '2019-02-03 06:52:24'),
(59, 23, 'Prof. Marques Windler I', 'Sint sed qui eius eius iusto suscipit architecto ea. Quo quo aut esse. Velit rerum in rem debitis aut fugit.', 5, '2019-02-03 06:52:24', '2019-02-03 06:52:24'),
(60, 36, 'Emie McKenzie', 'Enim earum voluptatem recusandae eaque a ratione. Et ipsum cumque laborum facilis eaque earum nihil eius. Occaecati quis hic eum quis et iure nostrum.', 0, '2019-02-03 06:52:24', '2019-02-03 06:52:24'),
(61, 4, 'Kimberly Bernier', 'Molestiae eos quam tempora sint. A reprehenderit quia consequatur ullam et. Et voluptate ut fugiat at. Laborum adipisci accusantium ad accusantium aut. Molestias labore et ratione vel eaque.', 1, '2019-02-03 06:52:24', '2019-02-03 06:52:24'),
(62, 36, 'Forest Walter', 'Voluptas quibusdam sunt est aut fuga. Aspernatur voluptatibus ab asperiores excepturi debitis. Velit assumenda ducimus quo ad. Nisi totam voluptatem in.', 4, '2019-02-03 06:52:24', '2019-02-03 06:52:24'),
(63, 11, 'Francis Sauer', 'Nisi rem veritatis est aspernatur iste quod tenetur. Architecto architecto pariatur quidem eum maxime est ut eaque. Accusamus error occaecati corrupti culpa fugit veritatis dolorem.', 5, '2019-02-03 06:52:24', '2019-02-03 06:52:24'),
(64, 46, 'Prof. Judah Moore', 'Voluptas voluptatem officiis earum cumque commodi veniam. Necessitatibus error et et delectus. Aliquam culpa consectetur suscipit quo corrupti et minima a. Itaque molestiae placeat dolorem enim sit impedit.', 2, '2019-02-03 06:52:24', '2019-02-03 06:52:24'),
(65, 34, 'Pearline Rau DVM', 'Iste tenetur alias eos voluptates. Reiciendis incidunt aliquid nostrum est facere impedit. Illo molestiae rerum qui quis illum omnis. Tempora suscipit suscipit repellendus autem.', 5, '2019-02-03 06:52:24', '2019-02-03 06:52:24'),
(66, 32, 'Eladio Rempel', 'Consequatur id sit provident rerum vero explicabo. Inventore eos molestiae amet ad. Quisquam eum et ad temporibus minima. Sint omnis quidem omnis.', 4, '2019-02-03 06:52:24', '2019-02-03 06:52:24'),
(67, 50, 'Nelda Baumbach', 'Voluptatem ut voluptatum iusto numquam quis sunt repellendus atque. Modi quo quia fuga adipisci accusamus animi. Amet alias neque vel ex. Facilis est explicabo aut sint nostrum dolor sed qui.', 4, '2019-02-03 06:52:24', '2019-02-03 06:52:24'),
(68, 16, 'Stefan Blick', 'Explicabo similique cum omnis similique. Qui praesentium voluptate dolores provident sunt praesentium. Aut quia aliquid eos optio eum consequuntur aperiam. Ipsum modi consectetur inventore provident suscipit.', 1, '2019-02-03 06:52:24', '2019-02-03 06:52:24'),
(69, 4, 'Prof. Korbin Koch', 'Dolore similique qui perferendis id. Nihil nihil ex asperiores vero aut sint consectetur quisquam. Saepe suscipit velit suscipit perspiciatis.', 4, '2019-02-03 06:52:24', '2019-02-03 06:52:24'),
(70, 31, 'Nona Donnelly', 'Cum quod dolores sunt in. Maxime voluptatem consequatur rerum cupiditate. Quis laborum a tenetur expedita eos eum voluptatum.', 5, '2019-02-03 06:52:24', '2019-02-03 06:52:24'),
(71, 10, 'Bud Smitham', 'Sed est et dicta sequi quasi eveniet velit. Et ullam aut rerum dolorem omnis nisi.', 3, '2019-02-03 06:52:24', '2019-02-03 06:52:24'),
(72, 5, 'Parker Gulgowski', 'Qui officia modi nesciunt numquam neque et illo. Molestiae consequatur autem sit veritatis eligendi velit non mollitia. Et porro pariatur repellat aliquam quisquam quod quo. Libero beatae dignissimos incidunt. Dolorem et alias aut at aliquid.', 3, '2019-02-03 06:52:24', '2019-02-03 06:52:24'),
(73, 32, 'Adalberto Schimmel', 'Nihil quidem et hic sequi consequatur. Quis voluptates in aut facere delectus rerum blanditiis tenetur. Vel vel nam magnam odio impedit commodi sint cupiditate.', 5, '2019-02-03 06:52:24', '2019-02-03 06:52:24'),
(74, 34, 'Rhett Crona', 'Saepe quisquam quis aut rerum ut fuga. Harum quidem hic minima labore beatae. Nisi occaecati porro minus dolorum ad sit corporis.', 0, '2019-02-03 06:52:24', '2019-02-03 06:52:24'),
(75, 26, 'Adelia Johnson Sr.', 'Sequi tempora vero cum quidem quibusdam. Aspernatur harum perspiciatis magnam numquam pariatur architecto. Dolores consequatur minus quia hic earum dolorum veritatis quia.', 2, '2019-02-03 06:52:24', '2019-02-03 06:52:24'),
(76, 26, 'Yoshiko Hill', 'In est dicta animi aut odio. Corporis eos cumque dolore earum.', 0, '2019-02-03 06:52:24', '2019-02-03 06:52:24'),
(77, 18, 'Adolfo Hyatt', 'Eaque et sapiente similique officiis et qui reprehenderit vel. Explicabo doloribus vitae quisquam eligendi. Odio nobis tempore quos quia sed aut nisi cumque.', 5, '2019-02-03 06:52:24', '2019-02-03 06:52:24'),
(78, 29, 'Modesto Turner', 'Est ad fuga sint sunt. Aut saepe iusto vero vero natus dolorem. Nihil et alias in aut sapiente eaque. Repellendus qui maiores vero commodi sint.', 5, '2019-02-03 06:52:24', '2019-02-03 06:52:24'),
(79, 27, 'Archibald Erdman V', 'In non eveniet corrupti aut rem sit aliquid ex. Quos fugit impedit corporis numquam. Voluptas libero illo dicta sit aut doloribus. Nisi nam enim reiciendis quos impedit.', 3, '2019-02-03 06:52:24', '2019-02-03 06:52:24'),
(80, 49, 'Prof. Patrick Marvin Jr.', 'Similique sed est ipsum unde expedita. Sunt alias eum est facilis maxime. Qui placeat officia sint non illum ducimus. Eius veniam cumque totam distinctio.', 3, '2019-02-03 06:52:24', '2019-02-03 06:52:24'),
(81, 30, 'Mrs. Ena Abshire', 'Ut a aliquid dolorem eligendi. Reprehenderit eaque sit ducimus. Vel commodi alias excepturi laudantium consequatur itaque laborum autem. Assumenda est occaecati quo quas nam. Itaque cumque rem est veniam.', 4, '2019-02-03 06:52:24', '2019-02-03 06:52:24'),
(82, 1, 'Cyril Brown', 'Quae dolor iure et necessitatibus. Quidem molestias aliquam itaque perspiciatis. Aut et eius saepe suscipit corporis. Aut deleniti et minima corrupti natus sunt et.', 4, '2019-02-03 06:52:24', '2019-02-03 06:52:24'),
(83, 8, 'Dean Roob I', 'Accusantium aperiam illo ex omnis eum quo recusandae porro. Dolor et officia ab qui dolores et. Officiis sit labore suscipit quam.', 0, '2019-02-03 06:52:24', '2019-02-03 06:52:24'),
(84, 13, 'Dr. Adela Gutkowski', 'Iure occaecati beatae laboriosam. Asperiores non qui fugiat est eligendi dolorem. Et aut accusantium consectetur dolor dolore. Ut omnis velit praesentium.', 5, '2019-02-03 06:52:24', '2019-02-03 06:52:24'),
(85, 16, 'Prof. Malachi Littel', 'Illum nulla repellat sit tenetur. Consequatur eum et cupiditate fugiat dolorum modi. Suscipit blanditiis sint maxime earum.', 5, '2019-02-03 06:52:24', '2019-02-03 06:52:24'),
(86, 42, 'Kaitlyn Braun IV', 'Officiis sed reprehenderit cum qui ratione. Itaque ea sit sint deleniti. In totam similique placeat ut pariatur provident dolorem. Ea eos ut neque perspiciatis ipsum.', 0, '2019-02-03 06:52:24', '2019-02-03 06:52:24'),
(87, 49, 'Wilmer Schultz', 'Voluptas ut minus qui perferendis omnis praesentium animi. Voluptatem et quia ea quidem adipisci iste eum. Quia asperiores deleniti sed.', 0, '2019-02-03 06:52:24', '2019-02-03 06:52:24'),
(88, 43, 'Dr. Darby Welch III', 'Recusandae omnis ipsam temporibus sint ipsam veritatis. Ab ipsum tempore delectus veritatis doloribus sit. Voluptatibus ut ipsum voluptatem omnis dolorum.', 0, '2019-02-03 06:52:24', '2019-02-03 06:52:24'),
(89, 11, 'Felipa Kovacek', 'Et autem nam distinctio incidunt. Numquam ut nihil impedit eos dicta magni. Magni est vel vero aut quia temporibus. Soluta porro amet alias et omnis neque voluptatum. Alias perspiciatis dignissimos ad.', 3, '2019-02-03 06:52:24', '2019-02-03 06:52:24'),
(90, 16, 'Mrs. Eugenia Bradtke III', 'Id dolor excepturi eaque dignissimos quia. Saepe aliquid voluptatem sint debitis cum excepturi. Sit nostrum culpa consequatur.', 3, '2019-02-03 06:52:24', '2019-02-03 06:52:24'),
(91, 38, 'Frederique Baumbach', 'Deserunt in error dolor omnis omnis magnam adipisci laboriosam. Aspernatur ut soluta voluptas sit suscipit. Est est velit dolore non blanditiis.', 1, '2019-02-03 06:52:24', '2019-02-03 06:52:24'),
(92, 40, 'Prof. Pietro Stokes', 'Quia sequi est aut ab iste inventore. Tenetur quia commodi iste vel architecto. Commodi voluptas assumenda veniam debitis. Et delectus iste architecto repudiandae occaecati sint in.', 5, '2019-02-03 06:52:24', '2019-02-03 06:52:24'),
(93, 34, 'Mr. Gustave Adams Sr.', 'Aut excepturi eos sapiente voluptatem enim. Sit et molestias repellat. Corporis eligendi odio fugiat quibusdam accusantium doloremque. Quae veritatis voluptate hic et est autem.', 4, '2019-02-03 06:52:24', '2019-02-03 06:52:24'),
(94, 26, 'Mr. Kenny Breitenberg', 'Modi ab in dignissimos eius. Et aut maxime nobis hic. Quos eius a et.', 0, '2019-02-03 06:52:24', '2019-02-03 06:52:24'),
(95, 37, 'Rita Beier', 'Ut consequatur voluptas alias ut. Cum facilis eligendi rem nulla rerum omnis. Possimus voluptatem eaque et molestiae. Impedit atque ea accusantium aut rem eum.', 2, '2019-02-03 06:52:24', '2019-02-03 06:52:24'),
(96, 23, 'Soledad O\'Kon', 'Quas tenetur voluptatem culpa expedita. Modi omnis eos est nihil quos incidunt et. Dolorem explicabo quae voluptatem ullam sed omnis adipisci.', 5, '2019-02-03 06:52:24', '2019-02-03 06:52:24'),
(97, 45, 'Lilian Kassulke', 'Modi est voluptatem in ab explicabo hic aliquid. In dolorem laboriosam dolorem qui in tenetur aut iusto. Repellat eos quia aut voluptatem. Nostrum doloribus sed qui fuga.', 2, '2019-02-03 06:52:24', '2019-02-03 06:52:24'),
(98, 12, 'Antwon Weber', 'Excepturi nemo et dolorem mollitia sed iusto. Et eum consequuntur non sapiente praesentium. Accusamus nobis suscipit enim quasi. Fugit architecto enim cum non ipsa placeat.', 2, '2019-02-03 06:52:24', '2019-02-03 06:52:24'),
(99, 35, 'Lottie Mitchell', 'Similique sequi laborum magni omnis. Animi quo velit et impedit. Placeat quibusdam pariatur velit molestiae.', 5, '2019-02-03 06:52:24', '2019-02-03 06:52:24'),
(100, 23, 'Audra Kuphal', 'Vel placeat id dolorum quis quia veniam. Illo fuga quo et alias.', 4, '2019-02-03 06:52:24', '2019-02-03 06:52:24'),
(101, 33, 'Lewis Will', 'Et quaerat explicabo iusto cupiditate et. Non ullam maxime iusto consequuntur impedit. Molestiae dolor facilis molestiae repellendus quis aut provident. Sint beatae animi in.', 5, '2019-02-03 06:52:24', '2019-02-03 06:52:24'),
(102, 17, 'Arnoldo Becker II', 'Ratione harum eum facilis et explicabo non aperiam. Quos vitae aut eos non dolore tenetur. Ut excepturi eos et sed sed et.', 3, '2019-02-03 06:52:24', '2019-02-03 06:52:24'),
(103, 30, 'Michele Dickens', 'Voluptas aut accusantium modi enim numquam quaerat. Labore necessitatibus et dignissimos vel tenetur. Et et qui nostrum.', 4, '2019-02-03 06:52:24', '2019-02-03 06:52:24'),
(104, 45, 'Bartholome Metz', 'Doloremque amet ut molestias ut beatae. Quia cupiditate tempore quisquam.', 5, '2019-02-03 06:52:24', '2019-02-03 06:52:24'),
(105, 34, 'Dr. Eduardo Bartoletti II', 'Aperiam magni magnam rerum eos esse ullam. Facere sequi recusandae voluptas aspernatur et dolorem. Id quos assumenda perferendis error ut voluptate asperiores.', 2, '2019-02-03 06:52:24', '2019-02-03 06:52:24'),
(106, 2, 'Miss Eveline Upton Sr.', 'Hic excepturi reprehenderit nihil repudiandae repellendus eius molestiae. Dolor error aut eligendi reiciendis fuga et aut. Harum culpa consequatur nostrum alias aut sequi. Sit voluptate sed maxime debitis laboriosam esse.', 1, '2019-02-03 06:52:24', '2019-02-03 06:52:24'),
(107, 3, 'Leonor Stroman Jr.', 'Veniam dolor doloribus ut sed. Porro non voluptas harum a est distinctio error. Quasi excepturi ad nihil veritatis quis corrupti.', 0, '2019-02-03 06:52:24', '2019-02-03 06:52:24'),
(108, 42, 'Dina Stoltenberg', 'Libero illum iste ut voluptas recusandae ut. Odit temporibus atque non unde possimus. Deserunt dolores delectus officiis. Officiis magni sequi culpa voluptate molestiae.', 1, '2019-02-03 06:52:24', '2019-02-03 06:52:24'),
(109, 27, 'Dr. Arne Hudson II', 'Ex harum fugiat eum veniam quo. Recusandae ut sapiente accusantium laboriosam. Sunt et porro sequi sed rerum sed.', 5, '2019-02-03 06:52:24', '2019-02-03 06:52:24'),
(110, 9, 'Mr. Abdullah Williamson DVM', 'Tempore voluptas eveniet et sequi vitae natus. Commodi quo et incidunt. Alias occaecati eos suscipit modi occaecati id numquam.', 4, '2019-02-03 06:52:24', '2019-02-03 06:52:24'),
(111, 28, 'Dr. Kailyn Vandervort Jr.', 'Eaque et non corrupti nostrum similique id facere. Quis optio dolorem asperiores quos aut. Optio ut inventore deserunt natus a quidem quas. Cupiditate magni deleniti modi labore sit aut amet totam.', 3, '2019-02-03 06:52:24', '2019-02-03 06:52:24'),
(112, 48, 'Prof. Doyle Schulist', 'Non est facilis nisi quis sed et nemo vero. Quia necessitatibus magni ipsam autem sit sit natus.', 2, '2019-02-03 06:52:24', '2019-02-03 06:52:24'),
(113, 28, 'Magnus Kerluke', 'Beatae eum dolorem culpa delectus molestiae. Ipsam facilis possimus non aut dolor. Reiciendis dolores tempore velit velit. Aut neque adipisci dolorem aut sunt dolor.', 0, '2019-02-03 06:52:24', '2019-02-03 06:52:24'),
(114, 29, 'Joy Goyette', 'Eligendi eaque autem vitae amet. Magni enim quo itaque harum alias asperiores consequatur voluptatem. Maxime sapiente natus fugiat officiis qui.', 5, '2019-02-03 06:52:24', '2019-02-03 06:52:24'),
(115, 38, 'Dr. Xzavier Gleichner DVM', 'Sint exercitationem ipsa sit nam explicabo quia facere. Et corporis quo voluptatibus neque. Dolor dolores qui eligendi enim consequatur omnis.', 3, '2019-02-03 06:52:24', '2019-02-03 06:52:24'),
(116, 11, 'Lance Schiller', 'At rem quibusdam velit voluptas. Officia voluptatibus et harum veritatis. Enim facilis aperiam et minus libero.', 2, '2019-02-03 06:52:24', '2019-02-03 06:52:24'),
(117, 28, 'Mr. Javier Marquardt', 'Incidunt assumenda dolores fugit nulla accusantium neque vitae. A tempora voluptatem ut voluptas quas in. Quo molestiae dolorum molestiae incidunt tempora et. Sit consequatur facere quia voluptas.', 5, '2019-02-03 06:52:24', '2019-02-03 06:52:24'),
(118, 46, 'Bart Bashirian', 'Reiciendis sunt sit in debitis debitis quasi. Qui maiores laborum consectetur sunt dolorum cumque. Sunt rerum et odit quam mollitia. Sapiente ipsum sequi placeat a maxime veniam nostrum.', 2, '2019-02-03 06:52:24', '2019-02-03 06:52:24'),
(119, 8, 'Maegan Bogisich', 'Culpa rem ad quia sit aut pariatur. Culpa quia facere libero sed quis consectetur. Ad temporibus unde et.', 1, '2019-02-03 06:52:24', '2019-02-03 06:52:24'),
(120, 9, 'Jerrold Simonis III', 'Optio delectus soluta et perspiciatis. Suscipit quod et hic quia. Amet qui ut tempora quasi. Rerum laboriosam quod velit tenetur.', 2, '2019-02-03 06:52:24', '2019-02-03 06:52:24'),
(121, 33, 'Fritz Bruen', 'Repellat et et laborum in adipisci non. Ducimus harum minima consequuntur officia.', 2, '2019-02-03 06:52:24', '2019-02-03 06:52:24'),
(122, 4, 'Constance Schiller Jr.', 'Sed sit et cupiditate dolorum et aut. In nam est eveniet quia rem voluptatibus corporis. Sed repudiandae odit quae rerum.', 3, '2019-02-03 06:52:24', '2019-02-03 06:52:24'),
(123, 50, 'Ashtyn Gerhold', 'Tempora accusantium sed impedit voluptatem. Repellendus debitis dolorum debitis dolor hic ipsa alias. Magnam culpa ipsa minus odit velit. Nulla eveniet et voluptatem et.', 2, '2019-02-03 06:52:24', '2019-02-03 06:52:24'),
(124, 43, 'Raul Ortiz IV', 'Rem nisi rerum fugit non dolores. Labore atque eius nemo numquam consequatur dolorum nam laboriosam. Rerum est at quia quo ut quasi. Quam occaecati modi saepe asperiores illo et totam quia.', 4, '2019-02-03 06:52:24', '2019-02-03 06:52:24'),
(125, 18, 'Joanne Klocko Jr.', 'Omnis odio veritatis sed maxime laboriosam accusamus rerum. Delectus distinctio dolorem consequuntur porro officiis dolores. Qui ab natus repellat magnam. Fugiat quaerat velit praesentium perferendis aut rem quasi.', 2, '2019-02-03 06:52:24', '2019-02-03 06:52:24'),
(126, 22, 'Jordon Emmerich', 'Veniam et veritatis quidem. Voluptas officia et sed ad magni non sint. Fugiat similique dolores similique iusto quas animi. Libero ex saepe molestias adipisci expedita doloribus quo.', 5, '2019-02-03 06:52:24', '2019-02-03 06:52:24'),
(127, 23, 'Kyra Volkman', 'Unde numquam quam odio eaque explicabo. Autem quasi qui nihil placeat rerum. Error non magnam non et veniam suscipit.', 1, '2019-02-03 06:52:24', '2019-02-03 06:52:24'),
(128, 30, 'Prof. Vinnie Dickens DDS', 'Debitis excepturi recusandae amet perspiciatis. Enim ut voluptas ab dignissimos. Ut molestias id pariatur suscipit.', 3, '2019-02-03 06:52:24', '2019-02-03 06:52:24'),
(129, 37, 'Fabiola Hammes', 'Ut ut delectus pariatur harum inventore minima. Asperiores quia temporibus maxime quisquam sit soluta aspernatur. Esse atque quia et nam. Sit vitae vel eum consectetur.', 0, '2019-02-03 06:52:24', '2019-02-03 06:52:24'),
(130, 38, 'Leta Mante I', 'Veniam consequatur autem minus totam veritatis. Quidem repellendus est voluptatem modi sit placeat qui.', 2, '2019-02-03 06:52:24', '2019-02-03 06:52:24'),
(131, 22, 'Ms. Skyla Schumm', 'Molestiae vel facere nemo explicabo maxime. Ex et occaecati suscipit in. Omnis maxime quasi quas incidunt optio molestiae hic.', 2, '2019-02-03 06:52:24', '2019-02-03 06:52:24'),
(132, 11, 'Prof. Logan Fahey', 'Unde qui nemo quam quisquam. Atque est sit necessitatibus quia est. Neque repellat iure tenetur quia vel sit.', 4, '2019-02-03 06:52:24', '2019-02-03 06:52:24'),
(133, 26, 'Brad Koch', 'Saepe asperiores voluptatem suscipit consequatur itaque. Ad vel et amet ut cumque quis. Iure neque vel atque delectus tempore.', 0, '2019-02-03 06:52:24', '2019-02-03 06:52:24'),
(134, 40, 'Olen Osinski', 'Non voluptas vel accusamus est. Esse ut ut amet vel. Dolorem vel omnis ut. Perferendis dignissimos eaque eligendi labore qui est.', 4, '2019-02-03 06:52:24', '2019-02-03 06:52:24'),
(135, 38, 'Lincoln Deckow', 'Aut quam et velit officiis officiis numquam. Nulla quia veniam atque repellat. Sed voluptas doloremque beatae non. Incidunt assumenda ut sit itaque mollitia ut.', 3, '2019-02-03 06:52:24', '2019-02-03 06:52:24'),
(136, 40, 'Miss Amaya Hammes', 'Sint cum maiores rerum similique. Delectus distinctio ipsam eligendi et. Sint ducimus autem animi enim.', 4, '2019-02-03 06:52:24', '2019-02-03 06:52:24'),
(137, 6, 'Prof. Dock Brown DDS', 'Error exercitationem ut iure praesentium et laboriosam sunt. Ea consequatur quam quia labore id a velit. Delectus ut illum exercitationem omnis nemo praesentium rem. Consequatur distinctio id quis ipsa.', 4, '2019-02-03 06:52:24', '2019-02-03 06:52:24'),
(138, 26, 'Abby Legros', 'Exercitationem et excepturi sit vel quibusdam. Itaque excepturi quos cupiditate.', 4, '2019-02-03 06:52:24', '2019-02-03 06:52:24'),
(139, 33, 'Prof. Jailyn Heidenreich', 'Consequatur voluptas qui ut aut reprehenderit recusandae maxime qui. Illo aut suscipit qui. Et quis est consequatur impedit quis illo. Illo dolor debitis quia sunt velit fugiat reprehenderit.', 2, '2019-02-03 06:52:24', '2019-02-03 06:52:24'),
(140, 4, 'Jazmin Bruen', 'Veniam hic nemo ea ad vel. Beatae vero ut omnis unde qui facilis. Eos dignissimos eligendi autem sunt quas.', 1, '2019-02-03 06:52:24', '2019-02-03 06:52:24'),
(141, 43, 'Miss Esta O\'Hara Sr.', 'Et sed repellendus cum est laboriosam. Repellat fuga repellendus eos aperiam sunt delectus cumque. A hic vitae numquam reiciendis aut ea et.', 5, '2019-02-03 06:52:24', '2019-02-03 06:52:24'),
(142, 35, 'Alf DuBuque', 'Tenetur id impedit esse possimus quo perspiciatis distinctio aliquid. Voluptatem commodi voluptas voluptatum quia aperiam quam. Et animi quis quos eveniet eum ut nihil vel. Molestias explicabo id numquam itaque.', 2, '2019-02-03 06:52:24', '2019-02-03 06:52:24'),
(143, 17, 'Emerald Thompson', 'Quisquam voluptates consequatur illo occaecati aliquam fugiat. Nulla voluptatem enim accusantium voluptatibus. Non officiis qui explicabo dolorem.', 0, '2019-02-03 06:52:24', '2019-02-03 06:52:24'),
(144, 9, 'Lucious Zboncak', 'Qui quo a qui alias aliquam. Voluptas nulla voluptatem enim aut et autem. Excepturi aperiam consequatur ut consequatur numquam quisquam. Rerum optio aut quae minus omnis non molestiae accusamus.', 1, '2019-02-03 06:52:24', '2019-02-03 06:52:24'),
(145, 26, 'Gracie Littel', 'Odio et qui et earum. Modi aut voluptas assumenda ut enim. Et iusto sequi consequatur aut corrupti aut. Nesciunt eum optio culpa et aut iure.', 3, '2019-02-03 06:52:24', '2019-02-03 06:52:24'),
(146, 30, 'Wyatt Turner Sr.', 'Est fugit ut blanditiis fuga. Iure nulla alias veritatis voluptatem id. Quo maxime eligendi et ut odit et. Neque facere dolorum nam est numquam libero et.', 5, '2019-02-03 06:52:24', '2019-02-03 06:52:24'),
(147, 38, 'Nova Mills', 'Aut ut est quia qui. Voluptatem error rem optio sint est at.', 3, '2019-02-03 06:52:24', '2019-02-03 06:52:24'),
(148, 42, 'Eddie Lynch', 'Cum aliquid ratione deleniti quo et consequuntur dolor. Itaque voluptatem neque sit quisquam et. Tenetur ratione velit architecto non maiores ut debitis. Sit quia molestias occaecati voluptatem dolor voluptatibus est architecto.', 5, '2019-02-03 06:52:24', '2019-02-03 06:52:24'),
(149, 26, 'Mrs. Sarina Sauer', 'Iure veritatis omnis rerum quam ut veritatis. Ad corrupti in voluptas vel. Non ducimus aut non est voluptatibus ut.', 2, '2019-02-03 06:52:24', '2019-02-03 06:52:24'),
(150, 39, 'Arely Kuhic', 'Cumque a recusandae ea autem repellendus pariatur dolorum. Sequi accusantium et minus ut ratione quis consequuntur. Incidunt quae aliquid quae et architecto exercitationem. Fuga voluptatem iure eaque iusto rerum possimus esse et.', 2, '2019-02-03 06:52:24', '2019-02-03 06:52:24'),
(151, 45, 'Kennith Walter', 'Voluptatem exercitationem autem laborum illo. Sed unde aliquam pariatur dolorem harum quo molestiae. Non consectetur totam consectetur voluptas aut sed dolores. Aspernatur ratione asperiores odio possimus suscipit.', 2, '2019-02-03 06:52:24', '2019-02-03 06:52:24'),
(152, 49, 'Drake Hills', 'Alias sit est deserunt aut eum. Reiciendis vero et minima nulla voluptatibus perspiciatis. Fugit eligendi perferendis aut. Consectetur optio in blanditiis recusandae cupiditate molestiae.', 2, '2019-02-03 06:52:24', '2019-02-03 06:52:24'),
(153, 22, 'Prof. Zack Heller Jr.', 'Architecto voluptatem corrupti magnam commodi et unde. Ipsum rem quis error id repudiandae qui. Enim exercitationem omnis unde iste.', 1, '2019-02-03 06:52:24', '2019-02-03 06:52:24'),
(154, 38, 'Sylvia Lindgren DDS', 'Explicabo natus voluptates ad iusto qui delectus repellendus eligendi. Sit vero veritatis corporis velit fugiat qui veniam beatae. Error quis accusantium nihil omnis et quia.', 5, '2019-02-03 06:52:24', '2019-02-03 06:52:24'),
(155, 15, 'Alanna Bailey DDS', 'Dicta repudiandae eaque voluptatum. Reiciendis suscipit a sit ut pariatur. Alias at dolorem ut eligendi.', 2, '2019-02-03 06:52:24', '2019-02-03 06:52:24'),
(156, 37, 'Celestino Pollich', 'Sunt sed esse consequatur cupiditate sit. Aut praesentium vitae ut. Laboriosam aut maiores possimus et eligendi velit. Veniam quam magnam aperiam voluptas sed aut provident.', 5, '2019-02-03 06:52:24', '2019-02-03 06:52:24'),
(157, 9, 'Mertie Cummerata II', 'Nam voluptatem veritatis provident omnis aliquam et. Distinctio beatae voluptas est aperiam excepturi reiciendis. A sed sunt qui qui non aut.', 3, '2019-02-03 06:52:24', '2019-02-03 06:52:24'),
(158, 7, 'Jerald Douglas Jr.', 'Iusto praesentium quia officia expedita nobis vitae. Id est et provident ratione nemo enim qui. Deserunt perspiciatis ut eum magnam.', 2, '2019-02-03 06:52:24', '2019-02-03 06:52:24'),
(159, 39, 'Joe Leannon', 'Ad qui aut sed aut quis impedit. Ut et enim nobis in fuga.', 4, '2019-02-03 06:52:24', '2019-02-03 06:52:24'),
(160, 42, 'Brendan Ward', 'Totam aut totam temporibus cum ut. Aut earum alias harum ab. Qui perspiciatis voluptas suscipit. Suscipit et asperiores id et.', 4, '2019-02-03 06:52:24', '2019-02-03 06:52:24'),
(161, 35, 'Dr. Tommie Mayer MD', 'Fuga voluptatem id quia est. A quis iusto debitis assumenda voluptatem id voluptas. Ut porro mollitia tempore laboriosam.', 4, '2019-02-03 06:52:24', '2019-02-03 06:52:24'),
(162, 18, 'Maximus Schinner', 'Quae et quo tempore ducimus itaque nostrum ut. Sed laudantium nemo labore aut enim atque. Vitae quaerat nemo dolore in.', 5, '2019-02-03 06:52:24', '2019-02-03 06:52:24'),
(163, 42, 'Kamron Bosco III', 'Repellendus consequatur impedit dolor dolorem quos. Sed sit qui quo quo. Sed est sint ut quod totam iure. Dolorum rerum qui dignissimos pariatur velit id.', 1, '2019-02-03 06:52:24', '2019-02-03 06:52:24'),
(164, 31, 'Ms. Olga Gutkowski', 'Ipsa dolorum dolore voluptates culpa. Officia tenetur in tenetur a. Et aperiam dignissimos ea eaque quo est molestiae optio.', 4, '2019-02-03 06:52:24', '2019-02-03 06:52:24'),
(165, 43, 'Lesly Shields', 'Veniam est beatae hic error totam. Perferendis neque laborum vel laboriosam. Delectus fuga neque inventore suscipit. Eum alias reiciendis numquam et praesentium est odit.', 4, '2019-02-03 06:52:24', '2019-02-03 06:52:24'),
(166, 3, 'Mr. Osvaldo Simonis', 'Illo quas molestiae vero voluptas ullam voluptas omnis. Tempora quas reiciendis nulla vitae. Velit cumque eaque quae et.', 3, '2019-02-03 06:52:24', '2019-02-03 06:52:24'),
(167, 36, 'Athena Stroman', 'Dolorem ipsum aperiam voluptatum eum deserunt. Omnis culpa dolore sed qui suscipit velit accusamus. Quibusdam et est sed. Ut eum quia et et voluptas. Accusantium vel eum ut ab ut amet ut.', 3, '2019-02-03 06:52:24', '2019-02-03 06:52:24'),
(168, 19, 'Candace Ankunding', 'Distinctio exercitationem ipsa eos veniam modi pariatur. Excepturi saepe necessitatibus delectus odio itaque non consectetur tempora. Nostrum et labore ab ut et.', 1, '2019-02-03 06:52:24', '2019-02-03 06:52:24'),
(169, 9, 'Prof. Trey Aufderhar Sr.', 'Quas aut laborum eius voluptatem dignissimos et repellat. In quam aut atque consequatur tempora ut. Totam fuga dolorum iusto.', 0, '2019-02-03 06:52:24', '2019-02-03 06:52:24'),
(170, 2, 'Garrison Ratke', 'Sint aliquid officia ullam minima expedita ullam est dolor. Debitis ipsam repellendus voluptatibus iure nihil.', 2, '2019-02-03 06:52:24', '2019-02-03 06:52:24'),
(171, 37, 'Keshaun Daniel', 'Et sapiente porro atque alias. Aut ut laudantium aut rem et ab non. Quod doloribus quis aliquid ipsum doloremque tempora. Minus laboriosam inventore amet numquam nesciunt dolores.', 2, '2019-02-03 06:52:24', '2019-02-03 06:52:24'),
(172, 38, 'Shany Hackett', 'Aperiam facere in non nesciunt delectus. Omnis est quibusdam aut temporibus aspernatur asperiores. Reiciendis optio dolorum cum. Molestiae mollitia assumenda autem rem aliquid.', 4, '2019-02-03 06:52:24', '2019-02-03 06:52:24'),
(173, 49, 'Cedrick Dickens', 'Enim explicabo velit nihil rem illo. Architecto earum voluptatem temporibus nihil nisi. Fugiat corporis fugit possimus deleniti nam.', 4, '2019-02-03 06:52:24', '2019-02-03 06:52:24'),
(174, 5, 'Aliya Shanahan', 'Omnis voluptas vero debitis sed corrupti. Sit dolor deleniti in quia sunt numquam. Dolorum iste molestias et in laudantium.', 4, '2019-02-03 06:52:24', '2019-02-03 06:52:24'),
(175, 33, 'Cathryn Emard Sr.', 'Reiciendis dolores qui delectus quis corporis molestias voluptatem. Beatae id quia numquam reiciendis est. Est et sequi placeat ut. Molestiae ut porro dicta provident quia.', 3, '2019-02-03 06:52:24', '2019-02-03 06:52:24'),
(176, 40, 'Tremayne O\'Conner', 'Officia reiciendis id est aut. Dolores voluptas labore repellat a. Officiis neque molestiae velit quia quisquam provident iusto. Vitae veniam molestiae officiis quis omnis. Temporibus et enim quia molestias.', 5, '2019-02-03 06:52:24', '2019-02-03 06:52:24'),
(177, 6, 'Mrs. Lolita Dietrich', 'Labore libero dolor et. Vel dignissimos ut ut nostrum. Ut sed quis et. Aliquid suscipit nam pariatur rerum.', 0, '2019-02-03 06:52:24', '2019-02-03 06:52:24'),
(178, 16, 'Alec Kuhlman', 'Fuga unde tempora unde et enim ut. Odit cupiditate itaque voluptatem neque est. Ut in consequatur dolore. Corporis perspiciatis vel alias sunt illum ducimus.', 0, '2019-02-03 06:52:24', '2019-02-03 06:52:24'),
(179, 41, 'Mona Torp', 'Sit ullam et itaque numquam odit autem. Molestiae itaque sint quo autem voluptas.', 3, '2019-02-03 06:52:24', '2019-02-03 06:52:24'),
(180, 26, 'Prof. Margarette Hudson', 'Enim quaerat voluptatum temporibus ipsam recusandae. Molestiae illum voluptas qui dicta. Sint id dolores praesentium magnam laudantium est repellat similique. Quasi molestiae distinctio qui eos. Voluptas debitis vitae maiores minus et quo deleniti.', 3, '2019-02-03 06:52:25', '2019-02-03 06:52:25'),
(181, 18, 'Michel Volkman', 'Non totam aut repellat at hic alias. Minima omnis molestiae ut rerum inventore. In non a repudiandae maiores.', 5, '2019-02-03 06:52:25', '2019-02-03 06:52:25'),
(182, 22, 'Royal Mueller', 'Omnis perferendis asperiores quia pariatur quia nobis voluptates. Enim soluta magni deserunt neque voluptatem exercitationem. Consequatur laborum et necessitatibus blanditiis possimus.', 2, '2019-02-03 06:52:25', '2019-02-03 06:52:25'),
(183, 40, 'Quinton Wolff', 'Dolore architecto ipsa aut voluptatem voluptas ut est. Commodi occaecati ut numquam ea error. Quia omnis suscipit aut.', 5, '2019-02-03 06:52:25', '2019-02-03 06:52:25'),
(184, 22, 'Glenna Hegmann', 'Tempore voluptatibus dolores impedit quisquam nihil. Dicta voluptates ducimus hic voluptas quia. Optio a sed maiores.', 3, '2019-02-03 06:52:25', '2019-02-03 06:52:25'),
(185, 38, 'Aniyah Sanford IV', 'Architecto iste blanditiis voluptas veniam autem et. Aut amet occaecati culpa aut necessitatibus ullam. Architecto dignissimos aperiam ut recusandae voluptatem dolor accusamus. Et laborum sed dicta excepturi architecto molestiae. Officiis distinctio alias culpa.', 0, '2019-02-03 06:52:25', '2019-02-03 06:52:25'),
(186, 19, 'Leonie Mante', 'Sit molestias rem soluta doloremque occaecati. Ea non aut animi doloribus nihil. Unde accusamus similique et cupiditate.', 2, '2019-02-03 06:52:25', '2019-02-03 06:52:25'),
(187, 50, 'Oswald Mayert', 'Animi et eos sit quasi dolorum laudantium. Blanditiis est quam quis enim. Omnis ut perspiciatis repellat sit accusantium. Itaque sed commodi molestias porro.', 0, '2019-02-03 06:52:25', '2019-02-03 06:52:25'),
(188, 33, 'Shaniya Anderson', 'Nihil quia et facere nulla inventore. Quo sint ea doloremque sed inventore rerum. Eos adipisci soluta rerum cupiditate cumque.', 4, '2019-02-03 06:52:25', '2019-02-03 06:52:25'),
(189, 46, 'Mckenna Willms', 'Voluptatem dolor sed alias nihil magnam. Ut architecto dolores nisi fugit. Ut ipsam vel sint mollitia.', 0, '2019-02-03 06:52:25', '2019-02-03 06:52:25'),
(190, 3, 'Reese Schultz', 'Doloremque voluptas quia fugit omnis et rerum minima. Quod provident ut debitis ab non omnis maxime sequi. Harum enim exercitationem labore.', 1, '2019-02-03 06:52:25', '2019-02-03 06:52:25'),
(191, 13, 'Brett Mertz', 'Vel est optio exercitationem debitis quia. Sunt dolor magni suscipit neque quod voluptatem aut aut. Est esse autem ducimus.', 0, '2019-02-03 06:52:25', '2019-02-03 06:52:25'),
(192, 18, 'Vidal Rippin III', 'Ut ipsa sapiente accusamus et. Quae ipsum soluta voluptatum ut sint in. Aut ipsam ea quia voluptatum.', 1, '2019-02-03 06:52:25', '2019-02-03 06:52:25'),
(193, 21, 'Stanford Hauck', 'Dolore non necessitatibus omnis autem occaecati illum aut. Quaerat sint quos ad natus omnis corrupti voluptatem.', 3, '2019-02-03 06:52:25', '2019-02-03 06:52:25'),
(194, 13, 'Mr. Remington Dooley IV', 'Quos eius vitae temporibus a et modi nobis labore. Maiores et necessitatibus consequatur est qui.', 4, '2019-02-03 06:52:25', '2019-02-03 06:52:25'),
(195, 23, 'Edythe Hintz', 'Nesciunt sed vero vitae eligendi harum non consectetur laboriosam. Et itaque molestiae labore facere consequatur totam. Velit corrupti aspernatur atque ab. Ipsum error consequatur aut itaque quis non expedita et.', 3, '2019-02-03 06:52:25', '2019-02-03 06:52:25'),
(196, 8, 'Kayli Prosacco IV', 'Nihil sapiente voluptate velit rerum. Ullam ut voluptates hic voluptas ullam. Sunt est maxime dicta veritatis vero nemo. Eos dolores tempore ut quisquam.', 4, '2019-02-03 06:52:25', '2019-02-03 06:52:25'),
(197, 46, 'Rebecca Windler', 'Voluptatum non vel nemo nam perferendis et sint id. Totam aut eligendi sed aut. Dolorum nulla similique nam eaque. Sequi ratione laborum aut quia vero quis praesentium.', 5, '2019-02-03 06:52:25', '2019-02-03 06:52:25'),
(198, 18, 'Dorris Kilback IV', 'Aut sequi quia impedit eius. Alias tempora culpa nisi odit. Sed exercitationem et sunt facere ut.', 3, '2019-02-03 06:52:25', '2019-02-03 06:52:25'),
(199, 43, 'Zack Nienow', 'Veniam asperiores iste doloribus numquam ad aspernatur ab temporibus. Tempora vero hic eum id minus perspiciatis in.', 0, '2019-02-03 06:52:25', '2019-02-03 06:52:25'),
(200, 50, 'Dr. Graciela Weissnat DDS', 'Assumenda modi porro voluptate magni aut excepturi provident. Ipsam voluptatem praesentium repellendus fuga. Nobis quis quis sed iusto autem quis. Facere quam non fugiat placeat ut corrupti ut.', 4, '2019-02-03 06:52:25', '2019-02-03 06:52:25'),
(201, 18, 'Cara Ruecker', 'Quod quasi illo omnis quae. Doloribus corporis ratione ratione corrupti aliquid at libero. Quo porro iste autem non blanditiis soluta.', 0, '2019-02-03 06:52:25', '2019-02-03 06:52:25'),
(202, 22, 'Karlee Kulas', 'Inventore sequi repellat et assumenda inventore iure et soluta. Maxime provident suscipit animi nulla nemo. Veritatis sint aut eum sit nihil tempore. Repellat quam eos mollitia iste et molestiae numquam numquam.', 3, '2019-02-03 06:52:25', '2019-02-03 06:52:25'),
(203, 31, 'Harrison Runte', 'Vel et ipsum quia et commodi dolorum illo. Minus natus omnis quae soluta et dolor nostrum saepe. Aperiam distinctio blanditiis reiciendis similique expedita dolores a voluptas.', 4, '2019-02-03 06:52:25', '2019-02-03 06:52:25'),
(204, 3, 'Sasha Wolff', 'Repellendus error earum et odit. Omnis cumque cum dignissimos accusamus et dolorem. Ipsam voluptatem necessitatibus debitis qui sit aliquid.', 2, '2019-02-03 06:52:25', '2019-02-03 06:52:25'),
(205, 38, 'Dr. Garnet Ferry III', 'Ducimus laboriosam et et perferendis quibusdam accusantium. Et autem aut et omnis dignissimos. Soluta delectus nulla dignissimos ipsam. Consequuntur esse non quia amet ut iure.', 4, '2019-02-03 06:52:25', '2019-02-03 06:52:25'),
(206, 48, 'Prof. Blake Will', 'Saepe ut consequatur id sapiente dolores ea cum eligendi. Iste id et vel laudantium. Necessitatibus velit quis a. Repudiandae fuga dolores velit qui rerum et earum.', 4, '2019-02-03 06:52:25', '2019-02-03 06:52:25'),
(207, 8, 'Herman Hoppe', 'Autem perspiciatis fugit aut consequatur facilis officiis blanditiis eaque. Officia accusantium magnam et ut accusantium consequatur praesentium. Ratione autem dolorem magni et distinctio iusto. Ea laboriosam eos eos ipsam numquam.', 3, '2019-02-03 06:52:25', '2019-02-03 06:52:25'),
(208, 35, 'Faustino Rowe', 'Quod et sequi dolorum cum. Suscipit doloremque incidunt quam adipisci molestiae id omnis. Dignissimos nemo qui dolor optio.', 1, '2019-02-03 06:52:25', '2019-02-03 06:52:25'),
(209, 5, 'Icie Mayer', 'Deleniti assumenda aliquid quaerat facilis est doloremque. Placeat voluptatem accusantium occaecati tempore. Dolores inventore possimus aut veniam maxime sint.', 2, '2019-02-03 06:52:25', '2019-02-03 06:52:25'),
(210, 2, 'Kenna Vandervort', 'Natus quisquam placeat occaecati doloremque. Ea molestiae adipisci impedit sit. Et quia rerum consectetur. Consequuntur impedit repellendus voluptate consequatur saepe. Tempora ut deleniti blanditiis consectetur perferendis quod soluta.', 2, '2019-02-03 06:52:25', '2019-02-03 06:52:25'),
(211, 27, 'Dr. Verona Mueller', 'Voluptatum velit autem facilis voluptatem officiis. Odit non sint tempora rerum. Possimus molestias qui vero omnis hic doloremque ut corrupti.', 2, '2019-02-03 06:52:25', '2019-02-03 06:52:25'),
(212, 45, 'Mr. Harry Herzog', 'Nesciunt soluta nemo distinctio rerum. Facilis sunt porro dolor quae aperiam fugit voluptatem. Nesciunt accusantium alias natus modi ut. Excepturi dolor illum reprehenderit eveniet. Eos sunt est odio.', 5, '2019-02-03 06:52:25', '2019-02-03 06:52:25'),
(213, 34, 'Luz Weissnat', 'Quia cupiditate molestiae est aperiam maiores quod dolor aspernatur. Corrupti aliquam facilis voluptas sit quia aut. Quam exercitationem velit corporis nemo blanditiis quibusdam eaque. Quisquam consequatur vero qui voluptates consequatur optio.', 3, '2019-02-03 06:52:25', '2019-02-03 06:52:25'),
(214, 5, 'Daisha Weissnat', 'Similique aliquid voluptatibus ratione sapiente totam repudiandae. Error eveniet aliquam est sit ipsum enim et. Perspiciatis in voluptatem nulla sequi dolores. Incidunt autem qui animi cum velit aut quidem.', 0, '2019-02-03 06:52:25', '2019-02-03 06:52:25'),
(215, 34, 'Petra Nolan', 'Quia nihil culpa officiis unde aspernatur adipisci ad. Et eveniet a rerum possimus. Molestiae doloremque sit nesciunt cum illo.', 5, '2019-02-03 06:52:25', '2019-02-03 06:52:25');
INSERT INTO `reviews` (`id`, `product_id`, `customer`, `review`, `star`, `created_at`, `updated_at`) VALUES
(216, 30, 'Judd Durgan III', 'Et earum sit ad est iure omnis. Eveniet accusamus velit necessitatibus non quia. Corporis reiciendis est molestiae libero impedit quidem. Id ea id ab autem eum molestiae.', 5, '2019-02-03 06:52:25', '2019-02-03 06:52:25'),
(217, 30, 'Velda Oberbrunner', 'Voluptates est repellat molestias aut qui dolorem quod soluta. Architecto ipsam porro necessitatibus animi dicta. Laboriosam dolores et assumenda mollitia earum libero explicabo.', 3, '2019-02-03 06:52:25', '2019-02-03 06:52:25'),
(218, 20, 'Mae Walter', 'Et voluptatem voluptas asperiores rerum ut sit. Quibusdam sit vitae sunt facere esse. A quia culpa dicta blanditiis quae fugit dicta quam. Vero deleniti velit at.', 3, '2019-02-03 06:52:25', '2019-02-03 06:52:25'),
(219, 14, 'Arlie Anderson', 'Culpa doloremque quis autem nam blanditiis quidem. Et voluptas et laboriosam quae. Doloribus temporibus nihil velit consectetur voluptatem nostrum voluptatum. Quis rem sint est inventore quibusdam.', 4, '2019-02-03 06:52:25', '2019-02-03 06:52:25'),
(220, 42, 'Mrs. Edna Waters IV', 'Sit recusandae ut magnam voluptates reiciendis est. Inventore ea vitae excepturi in.', 1, '2019-02-03 06:52:25', '2019-02-03 06:52:25'),
(221, 13, 'Kiana Leffler', 'Ut porro ad iusto similique ratione. Ut recusandae est delectus aut nostrum. Qui quisquam hic quod nihil eos velit eos.', 5, '2019-02-03 06:52:25', '2019-02-03 06:52:25'),
(222, 24, 'Mrs. Esperanza Johnson Sr.', 'Velit qui a eveniet aliquam aut enim. Corrupti molestias numquam aperiam quis. Perferendis rem expedita voluptas. Praesentium blanditiis et sunt in qui hic quia et.', 0, '2019-02-03 06:52:25', '2019-02-03 06:52:25'),
(223, 7, 'Mrs. Gina Buckridge', 'Fuga corporis provident consequuntur. Reiciendis incidunt sunt esse eos earum. Accusamus quidem saepe et itaque eum. Velit amet sed consectetur.', 1, '2019-02-03 06:52:25', '2019-02-03 06:52:25'),
(224, 34, 'Lance Moen', 'Aperiam sit enim expedita iste illo at aut. In est laudantium quasi eligendi id. Odio est aut hic quam eos.', 1, '2019-02-03 06:52:25', '2019-02-03 06:52:25'),
(225, 2, 'Janiya Prohaska', 'Aperiam velit sit velit libero. Reiciendis minus sit nulla molestias ut rerum ut culpa. Amet nesciunt nobis repellat debitis rem fugit.', 1, '2019-02-03 06:52:25', '2019-02-03 06:52:25'),
(226, 28, 'Mr. Donavon Wehner III', 'Fuga minima vel delectus possimus error ex. Maxime in illum dicta accusantium. Est ut saepe libero atque.', 2, '2019-02-03 06:52:25', '2019-02-03 06:52:25'),
(227, 1, 'Penelope Fisher', 'Aliquam repudiandae et fuga. Illum provident aliquam ut iste officiis omnis suscipit quam. Quibusdam repellat possimus ut a illo reiciendis.', 2, '2019-02-03 06:52:25', '2019-02-03 06:52:25'),
(228, 12, 'Samanta Connelly', 'Doloremque minus est consectetur et animi. Tenetur et sit iure quia nemo eveniet natus. Voluptas porro ipsa at ut ipsum voluptatibus ut fugiat.', 1, '2019-02-03 06:52:25', '2019-02-03 06:52:25'),
(229, 5, 'Dr. Itzel Rowe IV', 'Et quis aut quaerat et sit eaque rerum. Fugiat officiis accusamus aspernatur totam nobis et vero necessitatibus. Omnis non dolor modi ut unde. Voluptatem laborum quas nihil perferendis neque.', 3, '2019-02-03 06:52:25', '2019-02-03 06:52:25'),
(230, 10, 'Lucio Kris', 'Dolores asperiores quia quo reprehenderit atque saepe placeat. Harum sunt molestiae similique voluptatum quia. Possimus perferendis fugit dolores qui doloremque.', 1, '2019-02-03 06:52:25', '2019-02-03 06:52:25'),
(231, 39, 'Elvera Gaylord', 'In inventore est labore provident tempore et vel. Inventore vel dolorum autem blanditiis cumque. Distinctio voluptatem a totam dignissimos consequatur occaecati aut.', 3, '2019-02-03 06:52:25', '2019-02-03 06:52:25'),
(232, 7, 'Cheyenne Vandervort IV', 'Consequatur nisi tempora consequuntur doloribus sit tempora. Et ex voluptatibus libero rerum fuga sed quo et. Id reprehenderit ratione et nihil sapiente rem et.', 1, '2019-02-03 06:52:25', '2019-02-03 06:52:25'),
(233, 8, 'Miss Maureen Stroman', 'Dolorum fugiat perspiciatis possimus. Neque recusandae doloribus non harum repellendus officia minus. Ea est dolores magnam sunt illo qui. Aut aut est nihil ut.', 1, '2019-02-03 06:52:25', '2019-02-03 06:52:25'),
(234, 7, 'Kira Walsh V', 'Eos rerum harum dicta inventore omnis numquam ratione. Quia adipisci veniam enim rerum aut. Tenetur est expedita qui doloribus non.', 0, '2019-02-03 06:52:25', '2019-02-03 06:52:25'),
(235, 22, 'Virginie Yost', 'Quae saepe quae eos fugiat. Et delectus dolores ad aut. Eligendi rem et aspernatur ut quidem doloribus.', 4, '2019-02-03 06:52:25', '2019-02-03 06:52:25'),
(236, 6, 'Ryley Borer', 'Et eos molestias possimus enim. Omnis quasi maxime quia voluptates nulla. Distinctio veritatis quia molestias esse modi.', 0, '2019-02-03 06:52:25', '2019-02-03 06:52:25'),
(237, 22, 'Jean Satterfield', 'Recusandae autem fugiat recusandae. Autem eveniet unde deserunt quasi qui illum et sequi. Repellendus non suscipit voluptatem et eius. Accusamus fugit omnis qui reiciendis veritatis.', 4, '2019-02-03 06:52:25', '2019-02-03 06:52:25'),
(238, 34, 'Rhea Price IV', 'Sint dolores velit illum. Ab adipisci quis architecto deserunt tempore consequatur reprehenderit. Earum quod laudantium tempora repellat omnis aut illo.', 5, '2019-02-03 06:52:25', '2019-02-03 06:52:25'),
(239, 37, 'Sydnie Purdy', 'Voluptate aut aut magnam vero praesentium. Magnam suscipit sed quasi mollitia ab ducimus consequuntur dolorem. Fugiat dolorem voluptatibus pariatur quod ab nihil inventore alias.', 3, '2019-02-03 06:52:25', '2019-02-03 06:52:25'),
(240, 42, 'Fermin Ratke', 'Quo et velit quod est provident qui unde dolor. Distinctio corrupti quas quaerat et inventore et.', 3, '2019-02-03 06:52:25', '2019-02-03 06:52:25'),
(241, 50, 'Mrs. Sharon Bosco DDS', 'Delectus vero in sunt consequuntur. Accusantium repellat qui qui eos quia enim iure. Nobis qui aut ea est vel velit dolor. Nihil provident occaecati quas.', 4, '2019-02-03 06:52:25', '2019-02-03 06:52:25'),
(242, 8, 'Macey Nikolaus', 'Consequatur fuga qui ab sunt. Quasi et minima ex. Suscipit ex aliquid consequatur incidunt. Exercitationem soluta officiis facere molestias necessitatibus ex cupiditate.', 1, '2019-02-03 06:52:25', '2019-02-03 06:52:25'),
(243, 37, 'Mr. Arnold Senger', 'Reprehenderit enim suscipit expedita ratione voluptates. Porro quasi quibusdam sit asperiores et cupiditate. Sit consequatur optio animi dignissimos vel tenetur accusantium.', 0, '2019-02-03 06:52:25', '2019-02-03 06:52:25'),
(244, 8, 'Prof. Winifred Shields Sr.', 'Pariatur ea voluptas aut. Labore laborum consequatur quidem recusandae aut. Voluptatum eligendi qui pariatur accusantium. Nobis dolores voluptatum commodi assumenda.', 3, '2019-02-03 06:52:25', '2019-02-03 06:52:25'),
(245, 7, 'Chesley Stamm', 'Illum voluptate nulla inventore quia. Rerum in sint dolorum est at architecto. Quaerat consequatur ea deserunt assumenda fugit.', 4, '2019-02-03 06:52:25', '2019-02-03 06:52:25'),
(246, 13, 'Quentin Beahan', 'Nulla id eos et aut nobis amet. Distinctio magnam architecto aut quia quo doloremque enim. Ipsam tenetur animi fugit incidunt quasi sit.', 0, '2019-02-03 06:52:25', '2019-02-03 06:52:25'),
(247, 39, 'Tabitha Macejkovic', 'Earum harum pariatur rem doloribus perspiciatis. Voluptas culpa sunt recusandae sint voluptatem animi quasi. Ut quia dolorum odit officiis. Neque omnis pariatur iure architecto sint nulla.', 5, '2019-02-03 06:52:25', '2019-02-03 06:52:25'),
(248, 18, 'Therese Kunze', 'Recusandae rem beatae sapiente modi a eum. Nesciunt eos ipsum eos voluptate. Praesentium velit accusamus nemo sapiente quod quis ut.', 5, '2019-02-03 06:52:25', '2019-02-03 06:52:25'),
(249, 45, 'Prof. Loren Kautzer DVM', 'Quo quaerat dolor tempore minima qui. Veritatis voluptas occaecati voluptatibus et dolorum nam. Non et enim quia enim. Vel pariatur dolor quas consequatur.', 5, '2019-02-03 06:52:25', '2019-02-03 06:52:25'),
(250, 37, 'Modesto Oberbrunner Sr.', 'Quis ex officia tempora dicta optio et. Voluptatem enim provident esse aspernatur quidem ut. Veniam at delectus autem aut animi ipsum dolorem. Excepturi natus eum ducimus.', 3, '2019-02-03 06:52:25', '2019-02-03 06:52:25'),
(251, 26, 'Sierra Franecki Jr.', 'Ea nesciunt vero ad. Nobis numquam sapiente cumque et deleniti. Recusandae impedit voluptates fugit debitis exercitationem qui. Maxime fugiat tempora incidunt voluptas vel. Culpa eligendi aut in similique aliquid est voluptatem.', 4, '2019-02-03 06:52:25', '2019-02-03 06:52:25'),
(252, 22, 'Elizabeth Rutherford III', 'Id beatae voluptatem maiores dolorem qui sint possimus. Ipsum dolor vel ea quos excepturi laboriosam est eveniet. Expedita fuga sint nihil optio. Rerum porro eveniet excepturi atque.', 2, '2019-02-03 06:52:25', '2019-02-03 06:52:25'),
(253, 1, 'Arch Powlowski III', 'Consequuntur aut qui sunt velit qui perferendis. Minus officiis culpa quia vero maiores laborum at. Et et voluptatibus sed sunt.', 0, '2019-02-03 06:52:25', '2019-02-03 06:52:25'),
(254, 25, 'Marty Schultz DDS', 'Natus distinctio voluptatibus et laborum. Ut blanditiis sed accusamus nihil officiis non. Sint ducimus hic veritatis iure accusamus doloremque velit. In voluptatem totam nisi perspiciatis.', 2, '2019-02-03 06:52:25', '2019-02-03 06:52:25'),
(255, 8, 'Prof. Lesly Jenkins III', 'Delectus ducimus perspiciatis animi nostrum. Esse ut voluptatum vitae cumque. Non porro quasi saepe maxime. Similique odio architecto quam sint culpa quia.', 1, '2019-02-03 06:52:25', '2019-02-03 06:52:25'),
(256, 40, 'Dr. Johanna Cartwright', 'Animi molestiae accusamus sit quod blanditiis voluptate reiciendis quo. Perspiciatis quia aperiam quia aut et veritatis ea. Consequatur veritatis quia qui dolor sit.', 2, '2019-02-03 06:52:25', '2019-02-03 06:52:25'),
(257, 48, 'Mrs. Shanna Schaefer', 'Aut eligendi ut doloribus autem. Quo nihil rerum dolores adipisci rem deleniti aut similique. Velit est ipsum dolor.', 1, '2019-02-03 06:52:25', '2019-02-03 06:52:25'),
(258, 34, 'Ms. Rhianna Anderson MD', 'Aut omnis consequuntur velit at architecto commodi. Iusto commodi dolorum rerum ut qui. Quod quia earum at beatae voluptates consequatur optio.', 4, '2019-02-03 06:52:25', '2019-02-03 06:52:25'),
(259, 33, 'Dr. Selmer Bins PhD', 'Provident sint omnis et et assumenda sint. Enim dolores voluptas dicta accusamus totam quidem et. Totam iusto pariatur blanditiis sit est debitis libero aut. Maiores eos nesciunt provident rem minus id.', 0, '2019-02-03 06:52:25', '2019-02-03 06:52:25'),
(260, 40, 'Marcos Wisozk Jr.', 'Magni in et non enim voluptatum. Porro quidem similique dolorem aliquam.', 2, '2019-02-03 06:52:25', '2019-02-03 06:52:25'),
(261, 29, 'Garth Hand DVM', 'Dolorum ut aspernatur voluptatem dignissimos est. Et at quia amet id reiciendis. Consequatur consequatur molestiae illum quas nulla aut. Asperiores sed neque velit minima aspernatur velit culpa.', 0, '2019-02-03 06:52:25', '2019-02-03 06:52:25'),
(262, 28, 'Chelsey Dietrich', 'Nemo explicabo tempora accusamus nulla possimus ducimus unde. Omnis at deserunt qui aut voluptatibus facilis nulla. Iste exercitationem voluptatem nihil enim sed velit. Et provident eligendi aut.', 5, '2019-02-03 06:52:25', '2019-02-03 06:52:25'),
(263, 3, 'Francesca Cremin DVM', 'Molestiae sint totam et in animi nam nulla. Facere modi sit autem necessitatibus. Cupiditate sint atque aperiam quia aut error.', 0, '2019-02-03 06:52:25', '2019-02-03 06:52:25'),
(264, 19, 'Kayli O\'Keefe', 'Necessitatibus vero ut harum nam et repellat ipsa. Ea architecto aut minus eos maxime. Saepe libero vel sequi voluptates nobis itaque.', 5, '2019-02-03 06:52:25', '2019-02-03 06:52:25'),
(265, 13, 'Dr. Stanford Fadel V', 'Architecto molestiae hic ipsum velit aut ab. Doloremque rerum corporis necessitatibus vel. Incidunt optio perspiciatis eaque explicabo aut aspernatur accusantium.', 3, '2019-02-03 06:52:25', '2019-02-03 06:52:25'),
(266, 34, 'Mona Weimann DVM', 'Unde consequatur porro consequatur eos earum. Sit delectus corrupti alias. Nemo atque qui maxime. Fugit esse mollitia nihil ex ipsa iste.', 4, '2019-02-03 06:52:25', '2019-02-03 06:52:25'),
(267, 49, 'Creola Maggio Sr.', 'Quia animi qui sequi. Aut neque est error molestias consequatur. Eum neque velit libero vel quaerat.', 2, '2019-02-03 06:52:25', '2019-02-03 06:52:25'),
(268, 3, 'Terrance O\'Connell', 'Aspernatur nihil dignissimos distinctio rerum. Dolorem libero quas itaque. Ut repudiandae et voluptate veritatis autem qui. Esse veritatis minus illum.', 1, '2019-02-03 06:52:25', '2019-02-03 06:52:25'),
(269, 5, 'Victoria Greenholt', 'Dolorem et quo dolores reprehenderit. Omnis illo ipsum velit minima. Aperiam autem asperiores quod saepe. Ipsa saepe voluptas voluptatibus aperiam quidem quasi.', 1, '2019-02-03 06:52:25', '2019-02-03 06:52:25'),
(270, 44, 'Ms. Kacie Parisian II', 'Ipsam minima quidem reiciendis. Illum beatae enim pariatur qui quia. Voluptas dolore a id. Quia fugiat tenetur ut eius ut quo sit.', 2, '2019-02-03 06:52:25', '2019-02-03 06:52:25'),
(271, 23, 'Lila Lubowitz', 'Sit eaque explicabo amet enim fuga animi sint. Atque necessitatibus magni sed. Sed hic voluptatem occaecati quisquam exercitationem ex.', 4, '2019-02-03 06:52:25', '2019-02-03 06:52:25'),
(272, 25, 'Emelia Effertz', 'Nihil et est sint libero. Sit modi est sed quam quos. Eum maiores veritatis consequatur animi vero. Voluptatem totam ut doloribus voluptatibus praesentium.', 5, '2019-02-03 06:52:25', '2019-02-03 06:52:25'),
(273, 40, 'Aron Marks', 'Laudantium a dolores sed optio in. Fugit asperiores vel quia asperiores voluptas nobis. In tempora qui ab est non non.', 2, '2019-02-03 06:52:25', '2019-02-03 06:52:25'),
(274, 25, 'Roderick Sauer', 'Saepe itaque dolores sunt a nam porro veniam. Facere libero sit enim.', 2, '2019-02-03 06:52:25', '2019-02-03 06:52:25'),
(275, 39, 'Cassidy Greenholt Sr.', 'Id nobis sed dolorem qui placeat et. Quis temporibus sint quia est eaque. Laboriosam voluptas molestias voluptatem tenetur eligendi. Nesciunt reprehenderit dolorem dignissimos amet.', 2, '2019-02-03 06:52:25', '2019-02-03 06:52:25'),
(276, 22, 'Maurice Adams', 'Consequatur ut iusto exercitationem nostrum ipsum. Quae officia sed enim quibusdam ea sit nemo. Harum recusandae quibusdam expedita. Sunt alias tempora doloribus eum sed dolor.', 5, '2019-02-03 06:52:25', '2019-02-03 06:52:25'),
(277, 42, 'Prof. Lacy Yost', 'Corrupti voluptatem totam aut libero numquam. Necessitatibus doloremque et et nam est. Dolor facilis exercitationem laboriosam magnam molestiae minus esse. Atque sunt ex adipisci voluptatem earum necessitatibus tempora.', 1, '2019-02-03 06:52:25', '2019-02-03 06:52:25'),
(278, 28, 'Dr. Cyril Koch', 'Itaque rem reprehenderit et velit. Ea eos quisquam quo ullam ea quos assumenda. Ipsam saepe necessitatibus atque sint. Delectus velit sit aut eaque reprehenderit.', 5, '2019-02-03 06:52:25', '2019-02-03 06:52:25'),
(279, 36, 'Sarai O\'Hara', 'Dolore iure quo quo velit facere veniam. Quia et ipsa nisi ut.', 1, '2019-02-03 06:52:25', '2019-02-03 06:52:25'),
(280, 6, 'Bud Hane', 'Autem laboriosam non ad dolorem minima dolorem cum. Dolorem quibusdam atque aperiam qui. Natus dolorem rem eum accusantium velit in ipsam.', 4, '2019-02-03 06:52:25', '2019-02-03 06:52:25'),
(281, 34, 'Dr. Arjun Schultz Sr.', 'Molestiae quae eius odio autem sunt quis perferendis fugit. Eveniet itaque vel rerum qui eos occaecati. Aut eum et dolores voluptatem ducimus voluptates architecto.', 3, '2019-02-03 06:52:25', '2019-02-03 06:52:25'),
(282, 46, 'Emmy Hammes I', 'Atque tempora occaecati officia sed odio. Modi voluptas laboriosam corporis nihil suscipit. Quos deleniti ut delectus dicta. Quam non at officia architecto maxime eum qui.', 2, '2019-02-03 06:52:25', '2019-02-03 06:52:25'),
(283, 10, 'Prof. Shane Strosin Jr.', 'Qui voluptate impedit ex animi optio maxime. Tenetur in minima libero fugiat. Suscipit sed quo voluptatem culpa voluptate similique eum. Dolorem nihil aut quas provident et.', 1, '2019-02-03 06:52:25', '2019-02-03 06:52:25'),
(284, 20, 'Bettye O\'Hara', 'Deserunt aut et non ut. Consequatur rem maxime et est ut consequatur fuga. Nostrum sed iure voluptatem ut.', 0, '2019-02-03 06:52:25', '2019-02-03 06:52:25'),
(285, 18, 'Santino Johnson III', 'Dolor et suscipit ut et vel blanditiis. Natus expedita dolores quibusdam eos. Laboriosam ullam itaque quia.', 3, '2019-02-03 06:52:25', '2019-02-03 06:52:25'),
(286, 16, 'Gerardo Howell', 'Magnam neque itaque labore aut porro. Quia necessitatibus ex nesciunt nesciunt sint sapiente. Inventore earum est sint dolor at.', 4, '2019-02-03 06:52:25', '2019-02-03 06:52:25'),
(287, 6, 'Dr. Arlo Nicolas DVM', 'Aperiam aut non est quam sint neque placeat. Quia nihil doloremque labore provident accusamus. Numquam dignissimos expedita explicabo hic.', 3, '2019-02-03 06:52:25', '2019-02-03 06:52:25'),
(288, 13, 'Miss Danyka Hamill MD', 'Itaque debitis deserunt aperiam consectetur eos cum totam harum. Quasi nemo vel eaque dolorum et et necessitatibus. Beatae aut rerum sit amet et. Accusantium ut doloremque amet in iste.', 2, '2019-02-03 06:52:25', '2019-02-03 06:52:25'),
(289, 14, 'Lazaro Koepp', 'Nihil et enim consequatur blanditiis. Similique mollitia provident rem dolor culpa. Qui quia excepturi est repudiandae. Eos assumenda repudiandae et amet laboriosam fugiat dolorem commodi.', 2, '2019-02-03 06:52:25', '2019-02-03 06:52:25'),
(290, 14, 'Leonie Lowe', 'Quia quo modi quibusdam eius. Qui accusantium nam id autem et consequatur asperiores. Iusto dolorum atque eos rerum rem repellendus. Officia dolor quas blanditiis vero itaque laboriosam.', 1, '2019-02-03 06:52:25', '2019-02-03 06:52:25'),
(291, 27, 'Ms. Myra Rowe Jr.', 'Quis quia eligendi sit autem autem maxime enim. Sit quod eligendi sapiente autem rerum. Beatae alias nostrum nemo esse.', 4, '2019-02-03 06:52:25', '2019-02-03 06:52:25'),
(292, 36, 'Mckenzie Effertz', 'Ut et ad cupiditate in. Quo similique nisi et illum distinctio hic. Voluptates ab enim amet natus similique. Odio qui et ut facere et doloremque consequatur.', 5, '2019-02-03 06:52:25', '2019-02-03 06:52:25'),
(293, 26, 'Dr. Enrico Denesik', 'Eos excepturi earum deleniti natus. Rerum rerum totam omnis quidem. Impedit et et impedit omnis. Consectetur distinctio consequatur eveniet dolore saepe.', 5, '2019-02-03 06:52:25', '2019-02-03 06:52:25'),
(294, 9, 'Vernon Sanford', 'Repudiandae deserunt eum molestiae ab. Nihil esse dolor necessitatibus ipsa culpa. Rerum provident et aut dicta ratione sequi. Voluptatem quasi et qui sapiente sit.', 2, '2019-02-03 06:52:25', '2019-02-03 06:52:25'),
(295, 44, 'Ray Sauer', 'Quaerat velit consequatur voluptate cupiditate facilis. Voluptatibus labore facere ut tenetur in placeat. Possimus culpa aperiam hic officiis cupiditate ipsa officiis.', 1, '2019-02-03 06:52:25', '2019-02-03 06:52:25'),
(296, 13, 'Mrs. Janiya Kuhic', 'Quod rerum laboriosam cum eum earum. Quia aut animi nisi fugiat et ullam quidem. Et velit ea labore laudantium. Doloremque neque adipisci eligendi debitis aut.', 0, '2019-02-03 06:52:25', '2019-02-03 06:52:25'),
(297, 50, 'Prof. Jena Quigley', 'Sunt autem odit ratione officiis sequi sequi voluptatum. Amet fugit eius at aspernatur. Cum aut numquam magnam quod ut necessitatibus occaecati. Sequi rerum dolorem enim nemo saepe quis amet.', 0, '2019-02-03 06:52:25', '2019-02-03 06:52:25'),
(298, 15, 'Magnus Wilkinson', 'Fugit vitae dolores quod temporibus qui. Cumque deserunt nobis voluptatem corporis. Repellendus mollitia vel reiciendis ab recusandae et suscipit quo.', 0, '2019-02-03 06:52:25', '2019-02-03 06:52:25'),
(299, 23, 'Kaci Hermiston', 'Omnis quis veritatis vitae ullam sit. Iusto consequatur neque et ipsam totam similique velit. Totam quisquam suscipit vel voluptatibus in eos quisquam.', 2, '2019-02-03 06:52:25', '2019-02-03 06:52:25'),
(300, 1, 'Mrs. Erika Marquardt', 'Quaerat beatae maxime temporibus ut voluptatem. Quo aperiam perferendis possimus eos quaerat. Est et enim aliquid ex eos vero reiciendis ratione. Libero assumenda dolore tempora eos veritatis expedita id in.', 4, '2019-02-03 06:52:25', '2019-02-03 06:52:25');

-- --------------------------------------------------------

--
-- Table structure for table `users`
--

CREATE TABLE `users` (
  `id` int(10) UNSIGNED NOT NULL,
  `name` varchar(191) COLLATE utf8mb4_unicode_ci NOT NULL,
  `email` varchar(191) COLLATE utf8mb4_unicode_ci NOT NULL,
  `email_verified_at` timestamp NULL DEFAULT NULL,
  `password` varchar(191) COLLATE utf8mb4_unicode_ci NOT NULL,
  `remember_token` varchar(100) COLLATE utf8mb4_unicode_ci DEFAULT NULL,
  `created_at` timestamp NULL DEFAULT NULL,
  `updated_at` timestamp NULL DEFAULT NULL
) ENGINE=InnoDB DEFAULT CHARSET=utf8mb4 COLLATE=utf8mb4_unicode_ci;

--
-- Indexes for dumped tables
--

--
-- Indexes for table `migrations`
--
ALTER TABLE `migrations`
  ADD PRIMARY KEY (`id`);

--
-- Indexes for table `password_resets`
--
ALTER TABLE `password_resets`
  ADD KEY `password_resets_email_index` (`email`);

--
-- Indexes for table `products`
--
ALTER TABLE `products`
  ADD PRIMARY KEY (`id`);

--
-- Indexes for table `reviews`
--
ALTER TABLE `reviews`
  ADD PRIMARY KEY (`id`),
  ADD KEY `reviews_product_id_index` (`product_id`);

--
-- Indexes for table `users`
--
ALTER TABLE `users`
  ADD PRIMARY KEY (`id`),
  ADD UNIQUE KEY `users_email_unique` (`email`);

--
-- AUTO_INCREMENT for dumped tables
--

--
-- AUTO_INCREMENT for table `migrations`
--
ALTER TABLE `migrations`
  MODIFY `id` int(10) UNSIGNED NOT NULL AUTO_INCREMENT, AUTO_INCREMENT=5;

--
-- AUTO_INCREMENT for table `products`
--
ALTER TABLE `products`
  MODIFY `id` int(10) UNSIGNED NOT NULL AUTO_INCREMENT, AUTO_INCREMENT=51;

--
-- AUTO_INCREMENT for table `reviews`
--
ALTER TABLE `reviews`
  MODIFY `id` int(10) UNSIGNED NOT NULL AUTO_INCREMENT, AUTO_INCREMENT=301;

--
-- AUTO_INCREMENT for table `users`
--
ALTER TABLE `users`
  MODIFY `id` int(10) UNSIGNED NOT NULL AUTO_INCREMENT;

--
-- Constraints for dumped tables
--

--
-- Constraints for table `reviews`
--
ALTER TABLE `reviews`
  ADD CONSTRAINT `reviews_product_id_foreign` FOREIGN KEY (`product_id`) REFERENCES `products` (`id`) ON DELETE CASCADE;
COMMIT;

/*!40101 SET CHARACTER_SET_CLIENT=@OLD_CHARACTER_SET_CLIENT */;
/*!40101 SET CHARACTER_SET_RESULTS=@OLD_CHARACTER_SET_RESULTS */;
/*!40101 SET COLLATION_CONNECTION=@OLD_COLLATION_CONNECTION */;
